Workbook

Sheet Marksheet
A1: Final Marks
A2: Computatioal Astrophysics (PHYS 8202)
A3: Name | B3: SAP ID | D3: Assignment 1 | E3: Quiz 1 | F3: Class Test 1 | G3: Quiz 2 | H3: Assignment 2 | I3: Class Test 2 | J3: CIA | K3: IA | L3: Mid Sem | M3: Mid Sem | N3: End Sem | O3: End Sem | P3: Total | Q3: Sign | S3: Email Address | T3: Roll Number
B4: Max Marks | D4: ='Assignment 1'!AG5/10 -> 15 | E4: =('Quiz 1'!N5/10)*3 -> 15 | F4: ='Class Test 1'!O5/2 -> 20 | G4: 15 | H4: ='Assignment 2'!AG5*1.5/32 -> 15 | I4: ='Class Test 2'!N5/2 -> 20 | J4: =SUM(D4:I4) -> 100 | K4: =J4/2 -> 50 | L4: =M4/5 -> 20 | M4: 100 | N4: ='End Sem'!N5 -> 100 | O4: =N4*0.3 -> 30 | P4: =SUM(K4,L4,O4) -> 100
A5: Vansh Sharma | B5: 590010833 | D5: ='Assignment 1'!AG6/10 -> 14.4 | E5: =('Quiz 1'!N6/10)*3 -> 12 | F5: ='Class Test 1'!O6/2 -> 10 | G5: ='Quiz 2'!K6*1.5/5 -> 15 | H5: ='Assignment 2'!AG6*1.5/32 -> 15 | I5: ='Class Test 2'!N6/2 -> 16.5 | J5: =SUM(D5:I5) -> 82.9 | K5: =J5/2 -> 41.45 | L5: =M5/5 -> 8.4 | M5: ='Mid Sem'!N6 -> 42 | N5: ='End Sem'!N6 -> 51 | O5: =N5*0.3 -> 15.3 | P5: =SUM(K5,L5,O5) -> 65.15 | S5: sharma.10833@stu.upes.ac.in | T5: 182400159
A6: Mokshika Saini | B6: 590010853 | D6: ='Assignment 1'!AG7/10 -> 14.3 | E6: =('Quiz 1'!N7/10)*3 -> 0 | F6: ='Class Test 1'!O7/2 -> 16.5 | G6: ='Quiz 2'!K7*1.5/5 -> 6 | H6: ='Assignment 2'!AG7*1.5/32 -> 15 | I6: ='Class Test 2'!N7/2 -> 16.25 | J6: =SUM(D6:I6) -> 68.05 | K6: =J6/2 -> 34.025 | L6: =M6/5 -> 0 | M6: ='Mid Sem'!N7 -> 0 | N6: ='End Sem'!N7 -> 31 | O6: =N6*0.3 -> 9.3 | P6: =SUM(K6,L6,O6) -> 43.325 | S6: saini.10853@stu.upes.ac.in | T6: 24010310719
A7: Sakshi Sheshrao Charde | B7: 590011314 | D7: ='Assignment 1'!AG8/10 -> 14.8 | E7: =('Quiz 1'!N8/10)*3 -> 14.1 | F7: ='Class Test 1'!O8/2 -> 16.5 | G7: ='Quiz 2'!K8*1.5/5 -> 14.7 | H7: ='Assignment 2'!AG8*1.5/32 -> 14.953125 | I7: ='Class Test 2'!N8/2 -> 17.5 | J7: =SUM(D7:I7) -> 92.553125 | K7: =J7/2 -> 46.276563 | L7: =M7/5 -> 8 | M7: ='Mid Sem'!N8 -> 40 | N7: ='End Sem'!N8 -> 30 | O7: =N7*0.3 -> 9 | P7: =SUM(K7,L7,O7) -> 63.276563 | S7: sakshi.11314@stu.upes.ac.in | T7: 24010311286
A8: Akash Vinodshirke | B8: 590011462 | D8: ='Assignment 1'!AG9/10 -> 14.7 | E8: =('Quiz 1'!N9/10)*3 -> 14.7 | F8: ='Class Test 1'!O9/2 -> 19 | G8: ='Quiz 2'!K9*1.5/5 -> 14.4 | H8: ='Assignment 2'!AG9*1.5/32 -> 15 | I8: ='Class Test 2'!N9/2 -> 20 | J8: =SUM(D8:I8) -> 97.8 | K8: =J8/2 -> 48.9 | L8: =M8/5 -> 18.4 | M8: ='Mid Sem'!N9 -> 92 | N8: ='End Sem'!N9 -> 94 | O8: =N8*0.3 -> 28.2 | P8: =SUM(K8,L8,O8) -> 95.5 | S8: akash.11462@stu.upes.ac.in | T8: 182400263
A9: Deevija Garg | B9: 590013559 | D9: ='Assignment 1'!AG10/10 -> 14.6 | E9: =('Quiz 1'!N10/10)*3 -> 6 | F9: ='Class Test 1'!O10/2 -> 15.5 | G9: ='Quiz 2'!K10*1.5/5 -> 12.3 | H9: ='Assignment 2'!AG10*1.5/32 -> 15 | I9: ='Class Test 2'!N10/2 -> 15.5 | J9: =SUM(D9:I9) -> 78.9 | K9: =J9/2 -> 39.45 | L9: =M9/5 -> 12.2 | M9: ='Mid Sem'!N10 -> 61 | N9: ='End Sem'!N10 -> 70 | O9: =N9*0.3 -> 21 | P9: =SUM(K9,L9,O9) -> 72.65 | S9: deevija.13559@stu.upes.ac.in | T9: 24010310736
A10: Chandni Negi | B10: 590014314 | D10: ='Assignment 1'!AG11/10 -> 14.3 | E10: =('Quiz 1'!N11/10)*3 -> 13.2 | F10: ='Class Test 1'!O11/2 -> 19.5 | G10: ='Quiz 2'!K11*1.5/5 -> 15 | H10: ='Assignment 2'!AG11*1.5/32 -> 0 | I10: ='Class Test 2'!N11/2 -> 13 | J10: =SUM(D10:I10) -> 75 | K10: =J10/2 -> 37.5 | L10: =M10/5 -> 15.2 | M10: ='Mid Sem'!N11 -> 76 | N10: ='End Sem'!N11 -> 66 | O10: =N10*0.3 -> 19.8 | P10: =SUM(K10,L10,O10) -> 72.5 | S10: chandni.14314@stu.upes.ac.in | T10: 24010311148
A11: Divya Krishna | B11: 590016280 | D11: ='Assignment 1'!AG12/10 -> 0 | E11: =('Quiz 1'!N12/10)*3 -> 10.5 | F11: ='Class Test 1'!O12/2 -> 0 | G11: ='Quiz 2'!K12*1.5/5 -> 15 | H11: ='Assignment 2'!AG12*1.5/32 -> 15 | I11: ='Class Test 2'!N12/2 -> 16 | J11: =SUM(D11:I11) -> 56.5 | K11: =J11/2 -> 28.25 | L11: =M11/5 -> 7 | M11: ='Mid Sem'!N12 -> 35 | N11: ='End Sem'!N12 -> 71 | O11: =N11*0.3 -> 21.3 | P11: =SUM(K11,L11,O11) -> 56.55 | S11: divya.16280@stu.upes.ac.in | T11: 24010310672
A12: Shubhangee Shukla | B12: 590017181 | D12: ='Assignment 1'!AG13/10 -> 14.7 | E12: =('Quiz 1'!N13/10)*3 -> 10.5 | F12: ='Class Test 1'!O13/2 -> 0 | G12: ='Quiz 2'!K13*1.5/5 -> 14.1 | H12: ='Assignment 2'!AG13*1.5/32 -> 0 | I12: ='Class Test 2'!N13/2 -> 15 | J12: =SUM(D12:I12) -> 54.3 | K12: =J12/2 -> 27.15 | L12: =M12/5 -> 6 | M12: ='Mid Sem'!N13 -> 30 | N12: ='End Sem'!N13 -> 41 | O12: =N12*0.3 -> 12.3 | P12: =SUM(K12,L12,O12) -> 45.45 | S12: shubhangee.17181@stu.upes.ac.in | T12: 24010310947
A13: Heera Singh | B13: 590017658 | D13: ='Assignment 1'!AG14/10 -> 13.7 | E13: =('Quiz 1'!N14/10)*3 -> 13.8 | F13: ='Class Test 1'!O14/2 -> 9 | G13: ='Quiz 2'!K14*1.5/5 -> 15 | H13: ='Assignment 2'!AG14*1.5/32 -> 14.625 | I13: ='Class Test 2'!N14/2 -> 15.5 | J13: =SUM(D13:I13) -> 81.625 | K13: =J13/2 -> 40.8125 | L13: =M13/5 -> 9.4 | M13: ='Mid Sem'!N14 -> 47 | N13: ='End Sem'!N14 -> 64 | O13: =N13*0.3 -> 19.2 | P13: =SUM(K13,L13,O13) -> 69.4125 | S13: heera.17658@stu.upes.ac.in | T13: 182400660
A14: Abhineet Srivastava | B14: 590017776 | D14: ='Assignment 1'!AG15/10 -> 14.9 | E14: =('Quiz 1'!N15/10)*3 -> 14.7 | F14: ='Class Test 1'!O15/2 -> 17.75 | G14: ='Quiz 2'!K15*1.5/5 -> 14.7 | H14: ='Assignment 2'!AG15*1.5/32 -> 14.71875 | I14: ='Class Test 2'!N15/2 -> 20 | J14: =SUM(D14:I14) -> 96.76875 | K14: =J14/2 -> 48.384375 | L14: =M14/5 -> 18.4 | M14: ='Mid Sem'!N15 -> 92 | N14: ='End Sem'!N15 -> 66 | O14: =N14*0.3 -> 19.8 | P14: =SUM(K14,L14,O14) -> 86.584375 | S14: abhineet.17776@stu.upes.ac.in | T14: 182400665
A15: Tanisha Chanani | B15: 590018198 | D15: ='Assignment 1'!AG16/10 -> 14.8 | E15: =('Quiz 1'!N16/10)*3 -> 13.2 | F15: ='Class Test 1'!O16/2 -> 20 | G15: ='Quiz 2'!K16*1.5/5 -> 15 | H15: ='Assignment 2'!AG16*1.5/32 -> 14.71875 | I15: ='Class Test 2'!N16/2 -> 19 | J15: =SUM(D15:I15) -> 96.71875 | K15: =J15/2 -> 48.359375 | L15: =M15/5 -> 17.2 | M15: ='Mid Sem'!N16 -> 86 | N15: ='End Sem'!N16 -> 88 | O15: =N15*0.3 -> 26.4 | P15: =SUM(K15,L15,O15) -> 91.959375 | S15: tanisha.18198@stu.upes.ac.in | T15: 182400712
A16: Rushil Soni | B16: 590018519 | D16: ='Assignment 1'!AG17/10 -> 13.9 | E16: =('Quiz 1'!N17/10)*3 -> 14.1 | F16: ='Class Test 1'!O17/2 -> 12 | G16: ='Quiz 2'!K17*1.5/5 -> 14.1 | H16: ='Assignment 2'!AG17*1.5/32 -> 15 | I16: ='Class Test 2'!N17/2 -> 16.5 | J16: =SUM(D16:I16) -> 85.6 | K16: =J16/2 -> 42.8 | L16: =M16/5 -> 6.4 | M16: ='Mid Sem'!N17 -> 32 | N16: ='End Sem'!N17 -> 42 | O16: =N16*0.3 -> 12.6 | P16: =SUM(K16,L16,O16) -> 61.8 | S16: rushil.18519@stu.upes.ac.in | T16: 24010311320
U17: =LOWER(S17)
C20: Max | D20: =MAX(D5:D16) -> 14.9 | E20: =MAX(E5:E16) -> 14.7 | F20: =MAX(F5:F16) -> 20 | G20: =MAX(G5:G16) -> 15 | H20: =MAX(H5:H16) -> 15 | I20: =MAX(I5:I16) -> 20 | J20: =MAX(J5:J16) -> 97.8 | K20: =MAX(K5:K16) -> 48.9 | ... P20: =MAX(P5:P16) -> 95.5
C21: Min | D21: =_xlfn.MINIFS(D5:D16,D5:D16, ">0") -> 13.7 | E21: =_xlfn.MINIFS(E5:E16,E5:E16, ">0") -> 6 | F21: =_xlfn.MINIFS(F5:F16,F5:F16, ">0") -> 9 | G21: =_xlfn.MINIFS(G5:G16,G5:G16, ">0") -> 6 | H21: =_xlfn.MINIFS(H5:H16,H5:H16, ">0") -> 14.625 | I21: =_xlfn.MINIFS(I5:I16,I5:I16, ">0") -> 13 | J21: =_xlfn.MINIFS(J5:J16,J5:J16, ">0") -> 54.3 | K21: =_xlfn.MINIFS(K5:K16,K5:K16, ">0") -> 27.15 | ... P21: =_xlfn.MINIFS(P5:P16,P5:P16, ">0") -> 43.325
C22: Median | D22: =MEDIAN(D5:D16) -> 14.5 | E22: =MEDIAN(E5:E16) -> 13.2 | F22: =MEDIAN(F5:F16) -> 16 | G22: =MEDIAN(G5:G16) -> 14.7 | H22: =MEDIAN(H5:H16) -> 14.976562 | I22: =MEDIAN(I5:I16) -> 16.375 | J22: =MEDIAN(J5:J16) -> 82.2625 | K22: =MEDIAN(K5:K16) -> 41.13125 | ... P22: =MEDIAN(P5:P16) -> 67.28125

Sheet Quiz 1
A1: Quiz 1
A2: =Marksheet!A2 -> Computatioal Astrophysics (PHYS 8202)
C3: CO1 | D3: CO2 | E3: CO3 | F3: CO4
A4: Student Id | B4: Name | C4: Q1 | D4: Q2 | E4: Q3 | F4: Q4 | N4: Total | O4: Sign | S4: CO1 | T4: CO2 | U4: CO3 | V4: CO4 | W4: Total
B5: Max Marks | C5: 10 | D5: 10 | E5: 15 | F5: 15 | N5: =SUM(C5:F5) -> 50 | S5: =C5 -> 10 | T5: =D5 -> 10 | U5: =E5 -> 15 | V5: =F5 -> 15 | W5: =SUM(S5:V5) -> 50
A6: ='Mid Sem'!B6 -> 590010833 | B6: ='Mid Sem'!A6 -> Vansh Sharma | C6: 10 | D6: 10 | E6: 6 | F6: 14 | N6: =SUM(C6:F6) -> 40 | S6: =C6 -> 10 | T6: =D6 -> 10 | U6: =E6 -> 6 | V6: =F6 -> 14 | W6: =SUM(S6:V6) -> 40
A7: ='Mid Sem'!B7 -> 590010853 | B7: ='Mid Sem'!A7 -> Mokshika Saini | N7: =SUM(C7:F7) -> 0 | S7: =C7 -> 0 | T7: =D7 -> 0 | U7: =E7 -> 0 | V7: =F7 -> 0 | W7: =SUM(S7:V7) -> 0
A8: ='Mid Sem'!B8 -> 590011314 | B8: ='Mid Sem'!A8 -> Sakshi Sheshrao Charde | C8: 10 | D8: 10 | E8: 12 | F8: 15 | N8: =SUM(C8:F8) -> 47 | S8: =C8 -> 10 | T8: =D8 -> 10 | U8: =E8 -> 12 | V8: =F8 -> 15 | W8: =SUM(S8:V8) -> 47
A9: ='Mid Sem'!B9 -> 590011462 | B9: ='Mid Sem'!A9 -> Akash Vinodshirke | C9: 10 | D9: 10 | E9: 15 | F9: 14 | N9: =SUM(C9:F9) -> 49 | S9: =C9 -> 10 | T9: =D9 -> 10 | U9: =E9 -> 15 | V9: =F9 -> 14 | W9: =SUM(S9:V9) -> 49
A10: ='Mid Sem'!B10 -> 590013559 | B10: ='Mid Sem'!A10 -> Deevija Garg | C10: 4 | D10: 5 | E10: 6 | F10: 5 | N10: =SUM(C10:F10) -> 20 | S10: =C10 -> 4 | T10: =D10 -> 5 | U10: =E10 -> 6 | V10: =F10 -> 5 | W10: =SUM(S10:V10) -> 20
A11: ='Mid Sem'!B11 -> 590014314 | B11: ='Mid Sem'!A11 -> Chandni Negi | C11: 10 | D11: 10 | E11: 11 | F11: 13 | N11: =SUM(C11:F11) -> 44 | S11: =C11 -> 10 | T11: =D11 -> 10 | U11: =E11 -> 11 | V11: =F11 -> 13 | W11: =SUM(S11:V11) -> 44
A12: ='Mid Sem'!B12 -> 590016280 | B12: ='Mid Sem'!A12 -> Divya Krishna | C12: 10 | D12: 10 | E12: 0 | F12: 15 | N12: =SUM(C12:F12) -> 35 | S12: =C12 -> 10 | T12: =D12 -> 10 | U12: =E12 -> 0 | V12: =F12 -> 15 | W12: =SUM(S12:V12) -> 35
A13: ='Mid Sem'!B13 -> 590017181 | B13: ='Mid Sem'!A13 -> Shubhangee Shukla | C13: 10 | D13: 10 | E13: 0 | F13: 15 | N13: =SUM(C13:F13) -> 35 | S13: =C13 -> 10 | T13: =D13 -> 10 | U13: =E13 -> 0 | V13: =F13 -> 15 | W13: =SUM(S13:V13) -> 35
A14: ='Mid Sem'!B14 -> 590017658 | B14: ='Mid Sem'!A14 -> Heera Singh | C14: 10 | D14: 6 | E14: 15 | F14: 15 | N14: =SUM(C14:F14) -> 46 | S14: =C14 -> 10 | T14: =D14 -> 6 | U14: =E14 -> 15 | V14: =F14 -> 15 | W14: =SUM(S14:V14) -> 46
A15: ='Mid Sem'!B15 -> 590017776 | B15: ='Mid Sem'!A15 -> Abhineet Srivastava | C15: 10 | D15: 10 | E15: 14 | F15: 15 | N15: =SUM(C15:F15) -> 49 | S15: =C15 -> 10 | T15: =D15 -> 10 | U15: =E15 -> 14 | V15: =F15 -> 15 | W15: =SUM(S15:V15) -> 49
A16: ='Mid Sem'!B16 -> 590018198 | B16: ='Mid Sem'!A16 -> Tanisha Chanani | C16: 9 | D16: 8 | E16: 13 | F16: 14 | N16: =SUM(C16:F16) -> 44 | S16: =C16 -> 9 | T16: =D16 -> 8 | U16: =E16 -> 13 | V16: =F16 -> 14 | W16: =SUM(S16:V16) -> 44
A17: ='Mid Sem'!B17 -> 590018519 | B17: ='Mid Sem'!A17 -> Rushil Soni | C17: 10 | D17: 10 | E17: 12 | F17: 15 | N17: =SUM(C17:F17) -> 47 | S17: =C17 -> 10 | T17: =D17 -> 10 | U17: =E17 -> 12 | V17: =F17 -> 15 | W17: =SUM(S17:V17) -> 47
S18: =C18 -> 0 | T18: =D18 -> 0 | U18: =E18 -> 0 | V18: =F18 -> 0 | W18: =SUM(S18:V18) -> 0
B19: Min
B20: Median
B21: Max

Sheet Quiz 2
A1: Quiz 2
A2: =Marksheet!A2 -> Computatioal Astrophysics (PHYS 8202)
C3: CO1 | D3: CO3 | E3: CO3 | F3: CO4
A4: Student Id | B4: Name | C4: Q1 | D4: Q2 | E4: Q3 | F4: Q4 | G4: Q5 | H4: Q28 | I4: Q29 | J4: Q30 | K4: Total | L4: Sign | O4: CO1 | P4: CO2 | Q4: CO3 | R4: CO4 | S4: Total
B5: Max Marks | C5: 10 | D5: 10 | E5: 15 | F5: 15 | K5: =SUM(C5:J5) -> 50 | O5: =SUMIF($C$3:$J$3, "CO1", $C5:$J5) -> 10 | P5: =SUMIF($C$3:$J$3, "CO2", $C5:$J5) -> 0 | Q5: =SUMIF($C$3:$J$3, "CO3", $C5:$J5) -> 25 | R5: =SUMIF($C$3:$J$3, "CO4", $C5:$J5) -> 15 | S5: =SUM(O5:R5) -> 50
A6: ='Mid Sem'!B6 -> 590010833 | B6: ='Mid Sem'!A6 -> Vansh Sharma | C6: 10 | D6: 10 | E6: 15 | F6: 15 | K6: =SUM(C6:J6) -> 50 | O6: =SUMIF($C$3:$J$3, "CO1", $C6:$J6) -> 10 | P6: =SUMIF($C$3:$J$3, "CO2", $C6:$J6) -> 0 | Q6: =SUMIF($C$3:$J$3, "CO3", $C6:$J6) -> 25 | R6: =SUMIF($C$3:$J$3, "CO4", $C6:$J6) -> 15 | S6: =SUM(O6:R6) -> 50
A7: ='Mid Sem'!B7 -> 590010853 | B7: ='Mid Sem'!A7 -> Mokshika Saini | C7: 5 | D7: 5 | E7: 5 | F7: 5 | K7: =SUM(C7:J7) -> 20 | O7: =SUMIF($C$3:$J$3, "CO1", $C7:$J7) -> 5 | P7: =SUMIF($C$3:$J$3, "CO2", $C7:$J7) -> 0 | Q7: =SUMIF($C$3:$J$3, "CO3", $C7:$J7) -> 10 | R7: =SUMIF($C$3:$J$3, "CO4", $C7:$J7) -> 5 | S7: =SUM(O7:R7) -> 20
A8: ='Mid Sem'!B8 -> 590011314 | B8: ='Mid Sem'!A8 -> Sakshi Sheshrao Charde | C8: 10 | D8: 9 | E8: 15 | F8: 15 | K8: =SUM(C8:J8) -> 49 | O8: =SUMIF($C$3:$J$3, "CO1", $C8:$J8) -> 10 | P8: =SUMIF($C$3:$J$3, "CO2", $C8:$J8) -> 0 | Q8: =SUMIF($C$3:$J$3, "CO3", $C8:$J8) -> 24 | R8: =SUMIF($C$3:$J$3, "CO4", $C8:$J8) -> 15 | S8: =SUM(O8:R8) -> 49
A9: ='Mid Sem'!B9 -> 590011462 | B9: ='Mid Sem'!A9 -> Akash Vinodshirke | C9: 10 | D9: 10 | E9: 15 | F9: 13 | K9: =SUM(C9:J9) -> 48 | O9: =SUMIF($C$3:$J$3, "CO1", $C9:$J9) -> 10 | P9: =SUMIF($C$3:$J$3, "CO2", $C9:$J9) -> 0 | Q9: =SUMIF($C$3:$J$3, "CO3", $C9:$J9) -> 25 | R9: =SUMIF($C$3:$J$3, "CO4", $C9:$J9) -> 13 | S9: =SUM(O9:R9) -> 48
A10: ='Mid Sem'!B10 -> 590013559 | B10: ='Mid Sem'!A10 -> Deevija Garg | C10: 10 | D10: 7 | E10: 12 | F10: 12 | K10: =SUM(C10:J10) -> 41 | O10: =SUMIF($C$3:$J$3, "CO1", $C10:$J10) -> 10 | P10: =SUMIF($C$3:$J$3, "CO2", $C10:$J10) -> 0 | Q10: =SUMIF($C$3:$J$3, "CO3", $C10:$J10) -> 19 | R10: =SUMIF($C$3:$J$3, "CO4", $C10:$J10) -> 12 | S10: =SUM(O10:R10) -> 41
A11: ='Mid Sem'!B11 -> 590014314 | B11: ='Mid Sem'!A11 -> Chandni Negi | C11: 10 | D11: 10 | E11: 15 | F11: 15 | K11: =SUM(C11:J11) -> 50 | O11: =SUMIF($C$3:$J$3, "CO1", $C11:$J11) -> 10 | P11: =SUMIF($C$3:$J$3, "CO2", $C11:$J11) -> 0 | Q11: =SUMIF($C$3:$J$3, "CO3", $C11:$J11) -> 25 | R11: =SUMIF($C$3:$J$3, "CO4", $C11:$J11) -> 15 | S11: =SUM(O11:R11) -> 50
A12: ='Mid Sem'!B12 -> 590016280 | B12: ='Mid Sem'!A12 -> Divya Krishna | C12: 10 | D12: 10 | E12: 15 | F12: 15 | K12: =SUM(C12:J12) -> 50 | O12: =SUMIF($C$3:$J$3, "CO1", $C12:$J12) -> 10 | P12: =SUMIF($C$3:$J$3, "CO2", $C12:$J12) -> 0 | Q12: =SUMIF($C$3:$J$3, "CO3", $C12:$J12) -> 25 | R12: =SUMIF($C$3:$J$3, "CO4", $C12:$J12) -> 15 | S12: =SUM(O12:R12) -> 50
A13: ='Mid Sem'!B13 -> 590017181 | B13: ='Mid Sem'!A13 -> Shubhangee Shukla | C13: 10 | D13: 10 | E13: 12 | F13: 15 | K13: =SUM(C13:J13) -> 47 | O13: =SUMIF($C$3:$J$3, "CO1", $C13:$J13) -> 10 | P13: =SUMIF($C$3:$J$3, "CO2", $C13:$J13) -> 0 | Q13: =SUMIF($C$3:$J$3, "CO3", $C13:$J13) -> 22 | R13: =SUMIF($C$3:$J$3, "CO4", $C13:$J13) -> 15 | S13: =SUM(O13:R13) -> 47
A14: ='Mid Sem'!B14 -> 590017658 | B14: ='Mid Sem'!A14 -> Heera Singh | C14: 10 | D14: 10 | E14: 15 | F14: 15 | K14: =SUM(C14:J14) -> 50 | O14: =SUMIF($C$3:$J$3, "CO1", $C14:$J14) -> 10 | P14: =SUMIF($C$3:$J$3, "CO2", $C14:$J14) -> 0 | Q14: =SUMIF($C$3:$J$3, "CO3", $C14:$J14) -> 25 | R14: =SUMIF($C$3:$J$3, "CO4", $C14:$J14) -> 15 | S14: =SUM(O14:R14) -> 50
A15: ='Mid Sem'!B15 -> 590017776 | B15: ='Mid Sem'!A15 -> Abhineet Srivastava | C15: 10 | D15: 9 | E15: 15 | F15: 15 | K15: =SUM(C15:J15) -> 49 | O15: =SUMIF($C$3:$J$3, "CO1", $C15:$J15) -> 10 | P15: =SUMIF($C$3:$J$3, "CO2", $C15:$J15) -> 0 | Q15: =SUMIF($C$3:$J$3, "CO3", $C15:$J15) -> 24 | R15: =SUMIF($C$3:$J$3, "CO4", $C15:$J15) -> 15 | S15: =SUM(O15:R15) -> 49
A16: ='Mid Sem'!B16 -> 590018198 | B16: ='Mid Sem'!A16 -> Tanisha Chanani | C16: 10 | D16: 10 | E16: 15 | F16: 15 | K16: =SUM(C16:J16) -> 50 | O16: =SUMIF($C$3:$J$3, "CO1", $C16:$J16) -> 10 | P16: =SUMIF($C$3:$J$3, "CO2", $C16:$J16) -> 0 | Q16: =SUMIF($C$3:$J$3, "CO3", $C16:$J16) -> 25 | R16: =SUMIF($C$3:$J$3, "CO4", $C16:$J16) -> 15 | S16: =SUM(O16:R16) -> 50
A17: ='Mid Sem'!B17 -> 590018519 | B17: ='Mid Sem'!A17 -> Rushil Soni | C17: 10 | D17: 10 | E17: 12 | F17: 15 | K17: =SUM(C17:J17) -> 47 | O17: =SUMIF($C$3:$J$3, "CO1", $C17:$J17) -> 10 | P17: =SUMIF($C$3:$J$3, "CO2", $C17:$J17) -> 0 | Q17: =SUMIF($C$3:$J$3, "CO3", $C17:$J17) -> 22 | R17: =SUMIF($C$3:$J$3, "CO4", $C17:$J17) -> 15 | S17: =SUM(O17:R17) -> 47
K18: =SUM(C18:J18) -> 0

Sheet Class Test 1
A1: Class Test 1
A2: =Marksheet!A2 -> Computatioal Astrophysics (PHYS 8202)
C3: CO1 | D3: CO1 | E3: CO2 | F3: CO2 | G3: CO2 | H3: CO2 | I3: CO1 | J3: CO2 | K3: CO2 | L3: CO1
A4: Student Id | B4: Name | C4: Q1 | D4: Q2 | E4: Q3 | F4: Q4 | G4: Q5 | H4: Q6 | I4: Q7 | J4: Q8 | K4: Q9 | L4: Q10 | M4: Q11 | O4: Total | P4: Sign | S4: CO1 | T4: CO2 | U4: CO3 | V4: CO4 | W4: Total
B5: Max Marks | C5: 3 | D5: 3 | E5: 3 | F5: 3 | G5: 3 | H5: 5 | I5: 5 | J5: 5 | K5: 5 | L5: 5 | O5: =SUM(C5:L5) -> 40 | S5: =SUM(D5,C5,I5,L5) -> 16 | T5: =SUM(G5,F5,E5,H5,J5,K5) -> 24 | W5: =SUM(S5:V5) -> 40
A6: =Marksheet!B5 -> 590010833 | B6: =Marksheet!A5 -> Vansh Sharma | C6: 3 | D6: 3 | E6: 0 | F6: 3 | G6: 3 | H6: 3 | I6: 0 | J6: 5 | K6: 0 | L6: 0 | O6: =SUM(C6:L6) -> 20 | S6: =SUM(D6,C6,I6,L6) -> 6 | T6: =SUM(G6,F6,E6,H6,J6,K6) -> 14 | W6: =SUM(S6:V6) -> 20
A7: =Marksheet!B6 -> 590010853 | B7: =Marksheet!A6 -> Mokshika Saini | C7: 3 | D7: 3 | E7: 3 | F7: 3 | G7: 0 | H7: 5 | I7: 3 | J7: 4 | K7: 5 | L7: 4 | O7: =SUM(C7:L7) -> 33 | S7: =SUM(D7,C7,I7,L7) -> 13 | T7: =SUM(G7,F7,E7,H7,J7,K7) -> 20 | W7: =SUM(S7:V7) -> 33
A8: =Marksheet!B7 -> 590011314 | B8: =Marksheet!A7 -> Sakshi Sheshrao Charde | C8: 3 | D8: 3 | E8: 3 | F8: 3 | G8: 3 | H8: 4 | I8: 4 | J8: 5 | K8: 0 | L8: 5 | O8: =SUM(C8:L8) -> 33 | S8: =SUM(D8,C8,I8,L8) -> 15 | T8: =SUM(G8,F8,E8,H8,J8,K8) -> 18 | W8: =SUM(S8:V8) -> 33
A9: =Marksheet!B8 -> 590011462 | B9: =Marksheet!A8 -> Akash Vinodshirke | C9: 3 | D9: 3 | E9: 3 | F9: 3 | G9: 3 | H9: 5 | I9: 5 | J9: 5 | K9: 3 | L9: 5 | O9: =SUM(C9:L9) -> 38 | S9: =SUM(D9,C9,I9,L9) -> 16 | T9: =SUM(G9,F9,E9,H9,J9,K9) -> 22 | W9: =SUM(S9:V9) -> 38
A10: =Marksheet!B9 -> 590013559 | B10: =Marksheet!A9 -> Deevija Garg | C10: 3 | D10: 3 | E10: 0 | F10: 3 | G10: 3 | H10: 5 | I10: 5 | J10: 4 | K10: 1 | L10: 4 | O10: =SUM(C10:L10) -> 31 | S10: =SUM(D10,C10,I10,L10) -> 15 | T10: =SUM(G10,F10,E10,H10,J10,K10) -> 16 | W10: =SUM(S10:V10) -> 31
A11: =Marksheet!B10 -> 590014314 | B11: =Marksheet!A10 -> Chandni Negi | C11: 3 | D11: 3 | E11: 3 | F11: 3 | G11: 3 | H11: 5 | I11: 4 | J11: 5 | K11: 5 | L11: 5 | O11: =SUM(C11:L11) -> 39 | S11: =SUM(D11,C11,I11,L11) -> 15 | T11: =SUM(G11,F11,E11,H11,J11,K11) -> 24 | W11: =SUM(S11:V11) -> 39
A12: =Marksheet!B11 -> 590016280 | B12: =Marksheet!A11 -> Divya Krishna | O12: =SUM(C12:L12) -> 0 | S12: =SUM(D12,C12,I12,L12) -> 0 | T12: =SUM(G12,F12,E12,H12,J12,K12) -> 0 | W12: =SUM(S12:V12) -> 0
A13: =Marksheet!B12 -> 590017181 | B13: =Marksheet!A12 -> Shubhangee Shukla | O13: =SUM(C13:L13) -> 0 | S13: =SUM(D13,C13,I13,L13) -> 0 | T13: =SUM(G13,F13,E13,H13,J13,K13) -> 0 | W13: =SUM(S13:V13) -> 0
A14: =Marksheet!B13 -> 590017658 | B14: =Marksheet!A13 -> Heera Singh | C14: 0 | D14: 0 | E14: 3 | F14: 3 | G14: 3 | H14: 3 | I14: 3 | J14: 1 | K14: 0 | L14: 2 | O14: =SUM(C14:L14) -> 18 | S14: =SUM(D14,C14,I14,L14) -> 5 | T14: =SUM(G14,F14,E14,H14,J14,K14) -> 13 | W14: =SUM(S14:V14) -> 18
A15: =Marksheet!B14 -> 590017776 | B15: =Marksheet!A14 -> Abhineet Srivastava | C15: 3 | D15: 3 | E15: 3 | F15: 3 | G15: 3 | H15: 5 | I15: 3 | J15: 4.5 | K15: 3 | L15: 5 | O15: =SUM(C15:L15) -> 35.5 | S15: =SUM(D15,C15,I15,L15) -> 14 | T15: =SUM(G15,F15,E15,H15,J15,K15) -> 21.5 | W15: =SUM(S15:V15) -> 35.5
A16: =Marksheet!B15 -> 590018198 | B16: =Marksheet!A15 -> Tanisha Chanani | C16: 3 | D16: 3 | E16: 3 | F16: 3 | G16: 3 | H16: 5 | I16: 5 | J16: 5 | K16: 5 | L16: 5 | O16: =SUM(C16:L16) -> 40 | S16: =SUM(D16,C16,I16,L16) -> 16 | T16: =SUM(G16,F16,E16,H16,J16,K16) -> 24 | W16: =SUM(S16:V16) -> 40
A17: =Marksheet!B16 -> 590018519 | B17: =Marksheet!A16 -> Rushil Soni | C17: 3 | D17: 3 | E17: 0 | F17: 3 | G17: 3 | H17: 2 | I17: 3 | J17: 2 | K17: 0 | L17: 5 | O17: =SUM(C17:L17) -> 24 | S17: =SUM(D17,C17,I17,L17) -> 14 | T17: =SUM(G17,F17,E17,H17,J17,K17) -> 10 | W17: =SUM(S17:V17) -> 24

Sheet Assignment 1
A1: Assignment 1
A2: =Marksheet!A2 -> Computatioal Astrophysics (PHYS 8202)
C3: CO1 | D3: CO1 | E3: CO1 | F3: CO1 | G3: CO1 | H3: CO1 | I3: CO1 | J3: CO1 | K3: CO1 | L3: CO1 | M3: CO1 | N3: CO1 | O3: CO1 | P3: CO1 | Q3: CO1 | R3: CO1 | S3: CO2 | T3: CO2 | U3: CO2 | V3: CO2 | W3: CO2 | X3: CO2 | Y3: CO2 | Z3: CO2 | AA3: CO2 | AB3: CO2 | AC3: CO2 | AD3: CO2 | AE3: CO2 | AF3: CO2
A4: Student Id | B4: Name | C4: Q1 | D4: Q2 | E4: Q3 | F4: Q4 | G4: Q5 | H4: Q6 | I4: Q7 | J4: Q8 | K4: Q9 | L4: Q10 | M4: Q11 | N4: Q12 | O4: Q13 | P4: Q14 | Q4: Q15 | R4: Q16 | S4: Q17 | T4: Q18 | U4: Q19 | V4: Q20 | W4: Q21 | X4: Q22 | Y4: Q23 | Z4: Q24 | AA4: Q25 | AB4: Q26 | AC4: Q27 | AD4: Q28 | AE4: Q29 | AF4: Q30 | AG4: Total | AH4: Sign | AK4: CO1 | AL4: CO2 | AM4: Total
B5: Max Marks | C5: 5 | D5: 5 | E5: 5 | F5: 5 | G5: 5 | H5: 5 | I5: 5 | J5: 5 | K5: 5 | L5: 5 | M5: 5 | N5: 5 | O5: 5 | P5: 5 | Q5: 5 | R5: 5 | S5: 5 | T5: 5 | U5: 5 | V5: 5 | W5: 5 | X5: 5 | Y5: 5 | Z5: 5 | AA5: 5 | AB5: 5 | AC5: 5 | AD5: 5 | AE5: 5 | AF5: 5 | AG5: =SUM(C5:AF5) -> 150 | AK5: =SUM(C5:R5) -> 80 | AL5: =SUM(S5:AF5) -> 70 | AM5: =SUM(AK5:AL5) -> 150
A6: ='Mid Sem'!B6 -> 590010833 | B6: ='Mid Sem'!A6 -> Vansh Sharma | C6: 5 | D6: 4 | E6: 5 | F6: 5 | G6: 3 | H6: 5 | I6: 4 | J6: 5 | K6: 5 | L6: 5 | M6: 5 | N6: 5 | O6: 5 | P6: 5 | Q6: 3 | R6: 5 | S6: 5 | T6: 5 | U6: 5 | V6: 5 | W6: 5 | X6: 5 | Y6: 5 | Z6: 5 | AA6: 5 | AB6: 5 | AC6: 5 | AD6: 5 | AE6: 5 | AF6: 5 | AG6: =SUM(C6:AF6) -> 144 | AK6: =SUM(C6:R6) -> 74 | AL6: =SUM(S6:AF6) -> 70 | AM6: =SUM(AK6:AL6) -> 144
A7: ='Mid Sem'!B7 -> 590010853 | B7: ='Mid Sem'!A7 -> Mokshika Saini | C7: 2 | D7: 5 | E7: 5 | F7: 5 | G7: 5 | H7: 5 | I7: 4 | J7: 3 | K7: 5 | L7: 5 | M7: 5 | N7: 5 | O7: 5 | P7: 5 | Q7: 5 | R7: 5 | S7: 5 | T7: 5 | U7: 5 | V7: 5 | W7: 4 | X7: 5 | Y7: 5 | Z7: 5 | AA7: 5 | AB7: 5 | AC7: 5 | AD7: 5 | AE7: 5 | AF7: 5 | AG7: =SUM(C7:AF7) -> 143 | AK7: =SUM(C7:R7) -> 74 | AL7: =SUM(S7:AF7) -> 69 | AM7: =SUM(AK7:AL7) -> 143
A8: ='Mid Sem'!B8 -> 590011314 | B8: ='Mid Sem'!A8 -> Sakshi Sheshrao Charde | C8: 5 | D8: 5 | E8: 5 | F8: 5 | G8: 5 | H8: 5 | I8: 5 | J8: 5 | K8: 5 | L8: 5 | M8: 5 | N8: 5 | O8: 5 | P8: 5 | Q8: 5 | R8: 5 | S8: 5 | T8: 5 | U8: 5 | V8: 5 | W8: 5 | X8: 3 | Y8: 5 | Z8: 5 | AA8: 5 | AB8: 5 | AC8: 5 | AD8: 5 | AE8: 5 | AF8: 5 | AG8: =SUM(C8:AF8) -> 148 | AK8: =SUM(C8:R8) -> 80 | AL8: =SUM(S8:AF8) -> 68 | AM8: =SUM(AK8:AL8) -> 148
A9: ='Mid Sem'!B9 -> 590011462 | B9: ='Mid Sem'!A9 -> Akash Vinodshirke | C9: 5 | D9: 5 | E9: 5 | F9: 5 | G9: 5 | H9: 5 | I9: 5 | J9: 5 | K9: 5 | L9: 5 | M9: 5 | N9: 5 | O9: 5 | P9: 5 | Q9: 5 | R9: 5 | S9: 5 | T9: 5 | U9: 5 | V9: 5 | W9: 5 | X9: 5 | Y9: 5 | Z9: 4 | AA9: 5 | AB9: 5 | AC9: 5 | AD9: 4 | AE9: 5 | AF9: 4 | AG9: =SUM(C9:AF9) -> 147 | AK9: =SUM(C9:R9) -> 80 | AL9: =SUM(S9:AF9) -> 67 | AM9: =SUM(AK9:AL9) -> 147
A10: ='Mid Sem'!B10 -> 590013559 | B10: ='Mid Sem'!A10 -> Deevija Garg | C10: 5 | D10: 5 | E10: 5 | F10: 5 | G10: 5 | H10: 5 | I10: 5 | J10: 5 | K10: 5 | L10: 5 | M10: 5 | N10: 5 | O10: 5 | P10: 5 | Q10: 5 | R10: 5 | S10: 4 | T10: 4 | U10: 5 | V10: 5 | W10: 3 | X10: 5 | Y10: 5 | Z10: 5 | AA10: 5 | AB10: 5 | AC10: 5 | AD10: 5 | AE10: 5 | AF10: 5 | AG10: =SUM(C10:AF10) -> 146 | AK10: =SUM(C10:R10) -> 80 | AL10: =SUM(S10:AF10) -> 66 | AM10: =SUM(AK10:AL10) -> 146
A11: ='Mid Sem'!B11 -> 590014314 | B11: ='Mid Sem'!A11 -> Chandni Negi | C11: 5 | D11: 5 | E11: 5 | F11: 5 | G11: 5 | H11: 5 | I11: 4 | J11: 5 | K11: 5 | L11: 5 | M11: 5 | N11: 5 | O11: 5 | P11: 5 | Q11: 5 | R11: 5 | S11: 5 | T11: 2 | U11: 4 | V11: 5 | W11: 5 | X11: 3 | Y11: 5 | Z11: 5 | AA11: 5 | AB11: 5 | AC11: 5 | AD11: 5 | AE11: 5 | AF11: 5 | AG11: =SUM(C11:AF11) -> 143 | AK11: =SUM(C11:R11) -> 79 | AL11: =SUM(S11:AF11) -> 64 | AM11: =SUM(AK11:AL11) -> 143
A12: ='Mid Sem'!B12 -> 590016280 | B12: ='Mid Sem'!A12 -> Divya Krishna | AG12: =SUM(C12:AF12) -> 0 | AK12: =SUM(C12:R12) -> 0 | AL12: =SUM(S12:AF12) -> 0 | AM12: =SUM(AK12:AL12) -> 0
A13: ='Mid Sem'!B13 -> 590017181 | B13: ='Mid Sem'!A13 -> Shubhangee Shukla | C13: 5 | D13: 5 | E13: 5 | F13: 5 | G13: 5 | H13: 5 | I13: 5 | J13: 5 | K13: 5 | L13: 5 | M13: 3 | N13: 5 | O13: 5 | P13: 5 | Q13: 5 | R13: 5 | S13: 5 | T13: 5 | U13: 5 | V13: 5 | W13: 4 | X13: 5 | Y13: 5 | Z13: 5 | AA13: 5 | AB13: 5 | AC13: 5 | AD13: 5 | AE13: 5 | AF13: 5 | AG13: =SUM(C13:AF13) -> 147 | AK13: =SUM(C13:R13) -> 78 | AL13: =SUM(S13:AF13) -> 69 | AM13: =SUM(AK13:AL13) -> 147
A14: ='Mid Sem'!B14 -> 590017658 | B14: ='Mid Sem'!A14 -> Heera Singh | C14: 2 | D14: 3 | E14: 5 | F14: 5 | G14: 5 | H14: 4 | I14: 5 | J14: 3 | K14: 5 | L14: 5 | M14: 5 | N14: 5 | O14: 5 | P14: 5 | Q14: 3 | R14: 5 | S14: 5 | T14: 5 | U14: 5 | V14: 5 | W14: 2 | X14: 5 | Y14: 5 | Z14: 5 | AA14: 5 | AB14: 5 | AC14: 5 | AD14: 5 | AE14: 5 | AF14: 5 | AG14: =SUM(C14:AF14) -> 137 | AK14: =SUM(C14:R14) -> 70 | AL14: =SUM(S14:AF14) -> 67 | AM14: =SUM(AK14:AL14) -> 137
A15: ='Mid Sem'!B15 -> 590017776 | B15: ='Mid Sem'!A15 -> Abhineet Srivastava | C15: 5 | D15: 5 | E15: 5 | F15: 5 | G15: 5 | H15: 5 | I15: 5 | J15: 5 | K15: 5 | L15: 5 | M15: 5 | N15: 5 | O15: 5 | P15: 5 | Q15: 4 | R15: 5 | S15: 5 | T15: 5 | U15: 5 | V15: 5 | W15: 5 | X15: 5 | Y15: 5 | Z15: 5 | AA15: 5 | AB15: 5 | AC15: 5 | AD15: 5 | AE15: 5 | AF15: 5 | AG15: =SUM(C15:AF15) -> 149 | AK15: =SUM(C15:R15) -> 79 | AL15: =SUM(S15:AF15) -> 70 | AM15: =SUM(AK15:AL15) -> 149
A16: ='Mid Sem'!B16 -> 590018198 | B16: ='Mid Sem'!A16 -> Tanisha Chanani | C16: 5 | D16: 5 | E16: 5 | F16: 5 | G16: 5 | H16: 5 | I16: 5 | J16: 5 | K16: 5 | L16: 5 | M16: 5 | N16: 5 | O16: 5 | P16: 5 | Q16: 5 | R16: 5 | S16: 5 | T16: 5 | U16: 5 | V16: 5 | W16: 3 | X16: 5 | Y16: 5 | Z16: 5 | AA16: 5 | AB16: 5 | AC16: 5 | AD16: 5 | AE16: 5 | AF16: 5 | AG16: =SUM(C16:AF16) -> 148 | AK16: =SUM(C16:R16) -> 80 | AL16: =SUM(S16:AF16) -> 68 | AM16: =SUM(AK16:AL16) -> 148
A17: ='Mid Sem'!B17 -> 590018519 | B17: ='Mid Sem'!A17 -> Rushil Soni | C17: 5 | D17: 4 | E17: 5 | F17: 5 | G17: 5 | H17: 5 | I17: 5 | J17: 5 | K17: 5 | L17: 5 | M17: 4 | N17: 5 | O17: 5 | P17: 3 | Q17: 5 | R17: 5 | S17: 5 | T17: 5 | U17: 4 | V17: 5 | W17: 3 | X17: 5 | Y17: 4 | Z17: 5 | AA17: 5 | AB17: 5 | AC17: 4 | AD17: 3 | AE17: 5 | AF17: 5 | AG17: =SUM(C17:AF17) -> 139 | AK17: =SUM(C17:R17) -> 76 | AL17: =SUM(S17:AF17) -> 63 | AM17: =SUM(AK17:AL17) -> 139
AG18: =SUM(C18:AF18) -> 0

Sheet Assignment 2
A1: Assignment 2
A2: =Marksheet!A2 -> Computatioal Astrophysics (PHYS 8202)
C3: CO1 | D3: CO1 | E3: CO1 | F3: CO4 | G3: CO4 | H3: CO1 | I3: CO1 | J3: CO3 | K3: CO1 | L3: CO1 | M3: CO3 | N3: CO2 | O3: CO2 | P3: CO2 | Q3: CO2 | R3: CO2 | S3: CO2 | T3: CO3 | U3: CO4 | V3: CO2 | W3: CO3 | X3: CO4 | Y3: CO2 | Z3: CO2 | AA3: CO3 | AB3: CO2 | AC3: CO4 | AD3: CO2 | AE3: CO4 | AF3: CO2
A4: Student Id | B4: Name | C4: Q1 | D4: Q2 | E4: Q3 | F4: Q4 | G4: Q5 | H4: Q6 | I4: Q7 | J4: Q8 | K4: Q9 | L4: Q10 | M4: Q11 | N4: Q12 | O4: Q13 | P4: Q14 | Q4: Q15 | R4: Q16 | S4: Q17 | T4: Q18 | U4: Q19 | V4: Q20 | W4: Q21 | X4: Q22 | Y4: Q23 | Z4: Q24 | AA4: Q25 | AB4: Q26 | AC4: Q27 | AD4: Q28 | AE4: Q29 | AF4: Q30 | AG4: Total | AH4: Sign | AK4: CO1 | AL4: CO2 | AM4: CO3 | AN4: CO4 | AO4: Total
B5: Max Marks | C5: 4 | D5: 4 | E5: 4 | F5: 4 | G5: 4 | H5: 4 | I5: 4 | J5: 4 | K5: 4 | L5: 4 | M5: 10 | N5: 10 | O5: 10 | P5: 10 | Q5: 10 | R5: 10 | S5: 10 | T5: 10 | U5: 10 | V5: 10 | W5: 10 | X5: 10 | Y5: 20 | Z5: 20 | AA5: 20 | AB5: 20 | AC5: 20 | AD5: 20 | AE5: 20 | AF5: 20 | AG5: =SUM(C5:AF5) -> 320 | AK5: =SUMIF($C$3:$AF$3, "CO1", $C5:$AF5) -> 28 | AL5: =SUMIF($C$3:$AF$3, "CO2", $C5:$AF5) -> 170 | AM5: =SUMIF($C$3:$AF$3, "CO3", $C5:$AF5) -> 54 | AN5: =SUMIF($C$3:$AF$3, "CO4", $C5:$AF5) -> 68 | AO5: =SUM(AK5:AN5) -> 320
A6: ='Mid Sem'!B6 -> 590010833 | B6: ='Mid Sem'!A6 -> Vansh Sharma | C6: 4 | D6: 4 | E6: 4 | F6: 4 | G6: 4 | H6: 4 | I6: 4 | J6: 4 | K6: 4 | L6: 4 | M6: 10 | N6: 10 | O6: 10 | P6: 10 | Q6: 10 | R6: 10 | S6: 10 | T6: 10 | U6: 10 | V6: 10 | W6: 10 | X6: 10 | Y6: 20 | Z6: 20 | AA6: 20 | AB6: 20 | AC6: 20 | AD6: 20 | AE6: 20 | AF6: 20 | AG6: =SUM(C6:AF6) -> 320 | AK6: =SUMIF($C$3:$AF$3, "CO1", $C6:$AF6) -> 28 | AL6: =SUMIF($C$3:$AF$3, "CO2", $C6:$AF6) -> 170 | AM6: =SUMIF($C$3:$AF$3, "CO3", $C6:$AF6) -> 54 | AN6: =SUMIF($C$3:$AF$3, "CO4", $C6:$AF6) -> 68 | AO6: =SUM(AK6:AN6) -> 320
A7: ='Mid Sem'!B7 -> 590010853 | B7: ='Mid Sem'!A7 -> Mokshika Saini | C7: 4 | D7: 4 | E7: 4 | F7: 4 | G7: 4 | H7: 4 | I7: 4 | J7: 4 | K7: 4 | L7: 4 | M7: 10 | N7: 10 | O7: 10 | P7: 10 | Q7: 10 | R7: 10 | S7: 10 | T7: 10 | U7: 10 | V7: 10 | W7: 10 | X7: 10 | Y7: 20 | Z7: 20 | AA7: 20 | AB7: 20 | AC7: 20 | AD7: 20 | AE7: 20 | AF7: 20 | AG7: =SUM(C7:AF7) -> 320 | AK7: =SUMIF($C$3:$AF$3, "CO1", $C7:$AF7) -> 28 | AL7: =SUMIF($C$3:$AF$3, "CO2", $C7:$AF7) -> 170 | AM7: =SUMIF($C$3:$AF$3, "CO3", $C7:$AF7) -> 54 | AN7: =SUMIF($C$3:$AF$3, "CO4", $C7:$AF7) -> 68 | AO7: =SUM(AK7:AN7) -> 320
A8: ='Mid Sem'!B8 -> 590011314 | B8: ='Mid Sem'!A8 -> Sakshi Sheshrao Charde | C8: 4 | D8: 4 | E8: 4 | F8: 4 | G8: 4 | H8: 4 | I8: 4 | J8: 4 | K8: 4 | L8: 4 | M8: 10 | N8: 10 | O8: 10 | P8: 10 | Q8: 10 | R8: 9 | S8: 10 | T8: 10 | U8: 10 | V8: 10 | W8: 10 | X8: 10 | Y8: 20 | Z8: 20 | AA8: 20 | AB8: 20 | AC8: 20 | AD8: 20 | AE8: 20 | AF8: 20 | AG8: 319 | AK8: =SUMIF($C$3:$AF$3, "CO1", $C8:$AF8) -> 28 | AL8: =SUMIF($C$3:$AF$3, "CO2", $C8:$AF8) -> 169 | AM8: =SUMIF($C$3:$AF$3, "CO3", $C8:$AF8) -> 54 | AN8: =SUMIF($C$3:$AF$3, "CO4", $C8:$AF8) -> 68 | AO8: =SUM(AK8:AN8) -> 319
A9: ='Mid Sem'!B9 -> 590011462 | B9: ='Mid Sem'!A9 -> Akash Vinodshirke | C9: 4 | D9: 4 | E9: 4 | F9: 4 | G9: 4 | H9: 4 | I9: 4 | J9: 4 | K9: 4 | L9: 4 | M9: 10 | N9: 10 | O9: 10 | P9: 10 | Q9: 10 | R9: 10 | S9: 10 | T9: 10 | U9: 10 | V9: 10 | W9: 10 | X9: 10 | Y9: 20 | Z9: 20 | AA9: 20 | AB9: 20 | AC9: 20 | AD9: 20 | AE9: 20 | AF9: 20 | AG9: =SUM(C9:AF9) -> 320 | AK9: =SUMIF($C$3:$AF$3, "CO1", $C9:$AF9) -> 28 | AL9: =SUMIF($C$3:$AF$3, "CO2", $C9:$AF9) -> 170 | AM9: =SUMIF($C$3:$AF$3, "CO3", $C9:$AF9) -> 54 | AN9: =SUMIF($C$3:$AF$3, "CO4", $C9:$AF9) -> 68 | AO9: =SUM(AK9:AN9) -> 320
A10: ='Mid Sem'!B10 -> 590013559 | B10: ='Mid Sem'!A10 -> Deevija Garg | C10: 4 | D10: 4 | E10: 4 | F10: 4 | G10: 4 | H10: 4 | I10: 4 | J10: 4 | K10: 4 | L10: 4 | M10: 10 | N10: 10 | O10: 10 | P10: 10 | Q10: 10 | R10: 10 | S10: 10 | T10: 10 | U10: 10 | V10: 10 | W10: 10 | X10: 10 | Y10: 20 | Z10: 20 | AA10: 20 | AB10: 20 | AC10: 20 | AD10: 20 | AE10: 20 | AF10: 20 | AG10: =SUM(C10:AF10) -> 320 | AK10: =SUMIF($C$3:$AF$3, "CO1", $C10:$AF10) -> 28 | AL10: =SUMIF($C$3:$AF$3, "CO2", $C10:$AF10) -> 170 | AM10: =SUMIF($C$3:$AF$3, "CO3", $C10:$AF10) -> 54 | AN10: =SUMIF($C$3:$AF$3, "CO4", $C10:$AF10) -> 68 | AO10: =SUM(AK10:AN10) -> 320
A11: ='Mid Sem'!B11 -> 590014314 | B11: ='Mid Sem'!A11 -> Chandni Negi | AG11: =SUM(C11:AF11) -> 0 | AK11: =SUMIF($C$3:$AF$3, "CO1", $C11:$AF11) -> 0 | AL11: =SUMIF($C$3:$AF$3, "CO2", $C11:$AF11) -> 0 | AM11: =SUMIF($C$3:$AF$3, "CO3", $C11:$AF11) -> 0 | AN11: =SUMIF($C$3:$AF$3, "CO4", $C11:$AF11) -> 0 | AO11: =SUM(AK11:AN11) -> 0
A12: ='Mid Sem'!B12 -> 590016280 | B12: ='Mid Sem'!A12 -> Divya Krishna | C12: 4 | D12: 4 | E12: 4 | F12: 4 | G12: 4 | H12: 4 | I12: 4 | J12: 4 | K12: 4 | L12: 4 | M12: 10 | N12: 10 | O12: 10 | P12: 10 | Q12: 10 | R12: 10 | S12: 10 | T12: 10 | U12: 10 | V12: 10 | W12: 10 | X12: 10 | Y12: 20 | Z12: 20 | AA12: 20 | AB12: 20 | AC12: 20 | AD12: 20 | AE12: 20 | AF12: 20 | AG12: =SUM(C12:AF12) -> 320 | AK12: =SUMIF($C$3:$AF$3, "CO1", $C12:$AF12) -> 28 | AL12: =SUMIF($C$3:$AF$3, "CO2", $C12:$AF12) -> 170 | AM12: =SUMIF($C$3:$AF$3, "CO3", $C12:$AF12) -> 54 | AN12: =SUMIF($C$3:$AF$3, "CO4", $C12:$AF12) -> 68 | AO12: =SUM(AK12:AN12) -> 320
A13: ='Mid Sem'!B13 -> 590017181 | B13: ='Mid Sem'!A13 -> Shubhangee Shukla | AG13: =SUM(C13:AF13) -> 0 | AK13: =SUMIF($C$3:$AF$3, "CO1", $C13:$AF13) -> 0 | AL13: =SUMIF($C$3:$AF$3, "CO2", $C13:$AF13) -> 0 | AM13: =SUMIF($C$3:$AF$3, "CO3", $C13:$AF13) -> 0 | AN13: =SUMIF($C$3:$AF$3, "CO4", $C13:$AF13) -> 0 | AO13: =SUM(AK13:AN13) -> 0
A14: ='Mid Sem'!B14 -> 590017658 | B14: ='Mid Sem'!A14 -> Heera Singh | C14: 4 | D14: 4 | E14: 4 | F14: 4 | G14: 4 | H14: 4 | I14: 4 | J14: 4 | K14: 4 | L14: 4 | M14: 10 | N14: 8 | O14: 10 | P14: 10 | Q14: 10 | R14: 9 | S14: 10 | T14: 10 | U14: 9 | V14: 10 | W14: 10 | X14: 10 | Y14: 20 | Z14: 18 | AA14: 20 | AB14: 20 | AC14: 18 | AD14: 20 | AE14: 20 | AF14: 20 | AG14: =SUM(C14:AF14) -> 312 | AK14: =SUMIF($C$3:$AF$3, "CO1", $C14:$AF14) -> 28 | AL14: =SUMIF($C$3:$AF$3, "CO2", $C14:$AF14) -> 165 | AM14: =SUMIF($C$3:$AF$3, "CO3", $C14:$AF14) -> 54 | AN14: =SUMIF($C$3:$AF$3, "CO4", $C14:$AF14) -> 65 | AO14: =SUM(AK14:AN14) -> 312
A15: ='Mid Sem'!B15 -> 590017776 | B15: ='Mid Sem'!A15 -> Abhineet Srivastava | C15: 4 | D15: 4 | E15: 4 | F15: 4 | G15: 4 | H15: 4 | I15: 4 | J15: 4 | K15: 4 | L15: 4 | M15: 8 | N15: 6 | O15: 10 | P15: 10 | Q15: 10 | R15: 10 | S15: 10 | T15: 10 | U15: 10 | V15: 10 | W15: 10 | X15: 10 | Y15: 20 | Z15: 20 | AA15: 20 | AB15: 20 | AC15: 20 | AD15: 20 | AE15: 20 | AF15: 20 | AG15: =SUM(C15:AF15) -> 314 | AK15: =SUMIF($C$3:$AF$3, "CO1", $C15:$AF15) -> 28 | AL15: =SUMIF($C$3:$AF$3, "CO2", $C15:$AF15) -> 166 | AM15: =SUMIF($C$3:$AF$3, "CO3", $C15:$AF15) -> 52 | AN15: =SUMIF($C$3:$AF$3, "CO4", $C15:$AF15) -> 68 | AO15: =SUM(AK15:AN15) -> 314
A16: ='Mid Sem'!B16 -> 590018198 | B16: ='Mid Sem'!A16 -> Tanisha Chanani | C16: 4 | D16: 4 | E16: 4 | F16: 4 | G16: 4 | H16: 4 | I16: 4 | J16: 4 | K16: 4 | L16: 4 | M16: 7 | N16: 7 | O16: 10 | P16: 10 | Q16: 10 | R16: 10 | S16: 10 | T16: 10 | U16: 10 | V16: 10 | W16: 10 | X16: 10 | Y16: 20 | Z16: 20 | AA16: 20 | AB16: 20 | AC16: 20 | AD16: 20 | AE16: 20 | AF16: 20 | AG16: 314 | AK16: =SUMIF($C$3:$AF$3, "CO1", $C16:$AF16) -> 28 | AL16: =SUMIF($C$3:$AF$3, "CO2", $C16:$AF16) -> 167 | AM16: =SUMIF($C$3:$AF$3, "CO3", $C16:$AF16) -> 51 | AN16: =SUMIF($C$3:$AF$3, "CO4", $C16:$AF16) -> 68 | AO16: =SUM(AK16:AN16) -> 314
A17: ='Mid Sem'!B17 -> 590018519 | B17: ='Mid Sem'!A17 -> Rushil Soni | C17: 4 | D17: 4 | E17: 4 | F17: 4 | G17: 4 | H17: 4 | I17: 4 | J17: 4 | K17: 4 | L17: 4 | M17: 10 | N17: 10 | O17: 10 | P17: 10 | Q17: 10 | R17: 10 | S17: 10 | T17: 10 | U17: 10 | V17: 10 | W17: 10 | X17: 10 | Y17: 20 | Z17: 20 | AA17: 20 | AB17: 20 | AC17: 20 | AD17: 20 | AE17: 20 | AF17: 20 | AG17: =SUM(C17:AF17) -> 320 | AK17: =SUMIF($C$3:$AF$3, "CO1", $C17:$AF17) -> 28 | AL17: =SUMIF($C$3:$AF$3, "CO2", $C17:$AF17) -> 170 | AM17: =SUMIF($C$3:$AF$3, "CO3", $C17:$AF17) -> 54 | AN17: =SUMIF($C$3:$AF$3, "CO4", $C17:$AF17) -> 68 | AO17: =SUM(AK17:AN17) -> 320
AG18: =SUM(C18:AF18) -> 0

Sheet Mid Sem
A1: Mid Sem Examination
A2: =Marksheet!A2 -> Computatioal Astrophysics (PHYS 8202)
C3: CO1 | D3: CO2 | E3: CO1 | F3: CO2 | G3: CO4 | H3: CO2 | I3: CO4 | J3: CO2 | K3: CO3/CO4
A4: Name | B4: Student ID | C4: Q1 | D4: Q2 | E4: Q3 | F4: Q4 | G4: Q5 | H4: Q6 | I4: Q7 | J4: Q8 | K4: Q9 | L4: Q10 | M4: Q11 | N4: Total | O4: Sign | R4: CO1 | S4: CO2 | T4: CO3 | U4: CO4 | V4: Total
B5: Max Marks | C5: 6 | D5: 6 | E5: 6 | F5: 6 | G5: 6 | H5: 15 | I5: 15 | J5: 15 | K5: 25 | N5: =SUM(C5:K5) -> 100 | R5: =SUM(C5,E5) -> 12 | S5: =SUM(D5,F5,H5,J5) -> 42 | T5: =SUM(K5)*3/5 -> 15 | U5: =G5 + I5 + K5*2/5 -> 31 | V5: =SUM(R5:U5) -> 100
A6: =Marksheet!A5 -> Vansh Sharma | B6: =Marksheet!B5 -> 590010833 | C6: 4 | D6: 3 | E6: 6 | F6: 2 | G6: 2 | H6: 4 | I6: 4 | J6: 7 | K6: 10 | N6: =SUM(C6:K6) -> 42 | R6: =SUM(C6,E6) -> 10 | S6: =SUM(D6,F6,H6,J6) -> 16 | T6: =SUM(K6)*3/5 -> 6 | U6: =G6 + I6 + K6*2/5 -> 10 | V6: =SUM(R6:U6) -> 42
A7: =Marksheet!A6 -> Mokshika Saini | B7: =Marksheet!B6 -> 590010853 | N7: =SUM(C7:H7) -> 0 | R7: =SUM(C7,E7) -> 0 | S7: =SUM(D7,F7,H7,J7) -> 0 | T7: =SUM(K7)*3/5 -> 0 | U7: =G7 + I7 + K7*2/5 -> 0 | V7: =SUM(R7:U7) -> 0
A8: =Marksheet!A7 -> Sakshi Sheshrao Charde | B8: =Marksheet!B7 -> 590011314 | C8: 4 | D8: 4 | E8: 6 | F8: 4 | G8: 6 | H8: 9 | I8: 2 | J8: 5 | K8: 0 | N8: =SUM(C8:K8) -> 40 | R8: =SUM(C8,E8) -> 10 | S8: =SUM(D8,F8,H8,J8) -> 22 | T8: =SUM(K8)*3/5 -> 0 | U8: =G8 + I8 + K8*2/5 -> 8 | V8: =SUM(R8:U8) -> 40
A9: =Marksheet!A8 -> Akash Vinodshirke | B9: =Marksheet!B8 -> 590011462 | C9: 6 | D9: 6 | E9: 6 | F9: 6 | G9: 6 | H9: 15 | I9: 12 | J9: 15 | K9: 20 | N9: =SUM(C9:K9) -> 92 | R9: =SUM(C9,E9) -> 12 | S9: =SUM(D9,F9,H9,J9) -> 42 | T9: =SUM(K9)*3/5 -> 12 | U9: =G9 + I9 + K9*2/5 -> 26 | V9: =SUM(R9:U9) -> 92
A10: =Marksheet!A9 -> Deevija Garg | B10: =Marksheet!B9 -> 590013559 | C10: 6 | D10: 5 | E10: 5 | F10: 6 | G10: 6 | H10: 13 | I10: 3 | J10: 12 | K10: 5 | N10: =SUM(C10:K10) -> 61 | R10: =SUM(C10,E10) -> 11 | S10: =SUM(D10,F10,H10,J10) -> 36 | T10: =SUM(K10)*3/5 -> 3 | U10: =G10 + I10 + K10*2/5 -> 11 | V10: =SUM(R10:U10) -> 61
A11: =Marksheet!A10 -> Chandni Negi | B11: =Marksheet!B10 -> 590014314 | C11: 6 | D11: 6 | E11: 6 | F11: 4 | G11: 4 | H11: 15 | I11: 15 | J11: 10 | K11: 10 | N11: =SUM(C11:K11) -> 76 | R11: =SUM(C11,E11) -> 12 | S11: =SUM(D11,F11,H11,J11) -> 35 | T11: =SUM(K11)*3/5 -> 6 | U11: =G11 + I11 + K11*2/5 -> 23 | V11: =SUM(R11:U11) -> 76
A12: =Marksheet!A11 -> Divya Krishna | B12: =Marksheet!B11 -> 590016280 | C12: 6 | D12: 6 | E12: 4 | G12: 6 | I12: 7 | J12: 6 | N12: =SUM(C12:J12) -> 35 | R12: =SUM(C12,E12) -> 10 | S12: =SUM(D12,F12,H12,J12) -> 12 | T12: =SUM(K12)*3/5 -> 0 | U12: =G12 + I12 + K12*2/5 -> 13 | V12: =SUM(R12:U12) -> 35
A13: =Marksheet!A12 -> Shubhangee Shukla | B13: =Marksheet!B12 -> 590017181 | C13: 6 | D13: 3 | E13: 5 | F13: 3 | G13: 4 | H13: 5 | I13: 0 | J13: 4 | K13: 0 | N13: =SUM(C13:K13) -> 30 | R13: =SUM(C13,E13) -> 11 | S13: =SUM(D13,F13,H13,J13) -> 15 | T13: =SUM(K13)*3/5 -> 0 | U13: =G13 + I13 + K13*2/5 -> 4 | V13: =SUM(R13:U13) -> 30
A14: =Marksheet!A13 -> Heera Singh | B14: =Marksheet!B13 -> 590017658 | C14: 6 | D14: 5 | E14: 6 | F14: 4 | G14: 4 | H14: 10 | I14: 5 | J14: 7 | K14: 0 | N14: =SUM(C14:K14) -> 47 | R14: =SUM(C14,E14) -> 12 | S14: =SUM(D14,F14,H14,J14) -> 26 | T14: =SUM(K14)*3/5 -> 0 | U14: =G14 + I14 + K14*2/5 -> 9 | V14: =SUM(R14:U14) -> 47
A15: =Marksheet!A14 -> Abhineet Srivastava | B15: =Marksheet!B14 -> 590017776 | C15: 6 | D15: 6 | E15: 6 | F15: 5 | G15: 6 | H15: 13 | I15: 15 | J15: 15 | K15: 20 | N15: =SUM(C15:K15) -> 92 | R15: =SUM(C15,E15) -> 12 | S15: =SUM(D15,F15,H15,J15) -> 39 | T15: =SUM(K15)*3/5 -> 12 | U15: =G15 + I15 + K15*2/5 -> 29 | V15: =SUM(R15:U15) -> 92
A16: =Marksheet!A15 -> Tanisha Chanani | B16: =Marksheet!B15 -> 590018198 | C16: 6 | D16: 5 | E16: 6 | F16: 6 | G16: 4 | H16: 14 | I16: 15 | J16: 15 | K16: 15 | N16: =SUM(C16:K16) -> 86 | R16: =SUM(C16,E16) -> 12 | S16: =SUM(D16,F16,H16,J16) -> 40 | T16: =SUM(K16)*3/5 -> 9 | U16: =G16 + I16 + K16*2/5 -> 25 | V16: =SUM(R16:U16) -> 86
A17: =Marksheet!A16 -> Rushil Soni | B17: =Marksheet!B16 -> 590018519 | C17: 5 | D17: 4 | E17: 3 | F17: 1 | G17: 4 | H17: 2 | I17: 4 | J17: 4 | K17: 5 | N17: =SUM(C17:K17) -> 32 | R17: =SUM(C17,E17) -> 8 | S17: =SUM(D17,F17,H17,J17) -> 11 | T17: =SUM(K17)*3/5 -> 3 | U17: =G17 + I17 + K17*2/5 -> 10 | V17: =SUM(R17:U17) -> 32
N18: =SUM(C18:H18) -> 0 | R18: =SUM(C18,E18) -> 0 | S18: =SUM(D18,F18,H18,J18) -> 0 | T18: =SUM(K18)*3/5 -> 0 | U18: =G18 + I18 + K18*2/5 -> 0 | V18: =SUM(R18:U18) -> 0
N19: =SUM(C19:H19) -> 0 | R19: =SUM(C19,E19) -> 0 | S19: =SUM(D19,F19,H19,J19) -> 0 | T19: =SUM(K19)*3/5 -> 0 | U19: =G19 + I19 + K19*2/5 -> 0 | V19: =SUM(R19:U19) -> 0
N20: =SUM(C20:H20) -> 0 | R20: =SUM(C20,E20) -> 0 | S20: =SUM(D20,F20,H20,J20) -> 0 | T20: =SUM(K20)*3/5 -> 0 | U20: =G20 + I20 + K20*2/5 -> 0 | V20: =SUM(R20:U20) -> 0
N21: =SUM(C21:H21) -> 0 | R21: =SUM(C21,E21) -> 0 | S21: =SUM(D21,F21,H21,J21) -> 0 | T21: =SUM(K21)*3/5 -> 0 | U21: =G21 + I21 + K21*2/5 -> 0 | V21: =SUM(R21:U21) -> 0

Sheet Class Test 2
A1: Class Test 2
A2: =Marksheet!A2 -> Computatioal Astrophysics (PHYS 8202)
C3: CO2 | D3: CO3 | E3: CO3 | F3: CO4 | G3: CO4 | H3: CO2 | I3: CO3 | J3: CO3 | K3: CO4 | L3: CO4
A4: Student Id | B4: Name | C4: Q1 | D4: Q2 | E4: Q3 | F4: Q4 | G4: Q5 | H4: Q6 | I4: Q7 | J4: Q8 | K4: Q9 | L4: Q10 | N4: Total | O4: Sign | R4: CO1 | S4: CO2 | T4: CO3 | U4: CO4 | V4: Total
B5: Max Marks | C5: 3 | D5: 3 | E5: 3 | F5: 3 | G5: 3 | H5: 5 | I5: 5 | J5: 5 | K5: 5 | L5: 5 | N5: =SUM(C5:L5) -> 40 | R5: 0 | S5: =SUM(C5,H5) -> 8 | T5: =SUM(D5,E5,I5,J5) -> 16 | U5: =SUM(K5,L5,G5,F5) -> 16 | V5: =SUM(R5:U5) -> 40
A6: =Marksheet!B5 -> 590010833 | B6: =Marksheet!A5 -> Vansh Sharma | C6: 3 | D6: 3 | E6: 3 | F6: 3 | G6: 3 | H6: 3 | I6: 5 | J6: 2 | K6: 4 | L6: 4 | N6: =SUM(C6:L6) -> 33 | R6: 0 | S6: =SUM(C6,H6) -> 6 | T6: =SUM(D6,E6,I6,J6) -> 13 | U6: =SUM(K6,L6,G6,F6) -> 14 | V6: =SUM(R6:U6) -> 33
A7: =Marksheet!B6 -> 590010853 | B7: =Marksheet!A6 -> Mokshika Saini | C7: 3 | D7: 3 | E7: 3 | F7: 3 | G7: 3 | H7: 4.5 | I7: 4 | J7: 3 | K7: 3 | L7: 3 | N7: =SUM(C7:L7) -> 32.5 | R7: 0 | S7: =SUM(C7,H7) -> 7.5 | T7: =SUM(D7,E7,I7,J7) -> 13 | U7: =SUM(K7,L7,G7,F7) -> 12 | V7: =SUM(R7:U7) -> 32.5
A8: =Marksheet!B7 -> 590011314 | B8: =Marksheet!A7 -> Sakshi Sheshrao Charde | C8: 3 | D8: 3 | E8: 3 | F8: 3 | G8: 3 | H8: 5 | I8: 5 | J8: 4 | K8: 2 | L8: 4 | N8: =SUM(C8:L8) -> 35 | R8: 0 | S8: =SUM(C8,H8) -> 8 | T8: =SUM(D8,E8,I8,J8) -> 15 | U8: =SUM(K8,L8,G8,F8) -> 12 | V8: =SUM(R8:U8) -> 35
A9: =Marksheet!B8 -> 590011462 | B9: =Marksheet!A8 -> Akash Vinodshirke | C9: 3 | D9: 3 | E9: 3 | F9: 3 | G9: 3 | H9: 5 | I9: 5 | J9: 5 | K9: 5 | L9: 5 | N9: =SUM(C9:L9) -> 40 | R9: 0 | S9: =SUM(C9,H9) -> 8 | T9: =SUM(D9,E9,I9,J9) -> 16 | U9: =SUM(K9,L9,G9,F9) -> 16 | V9: =SUM(R9:U9) -> 40
A10: =Marksheet!B9 -> 590013559 | B10: =Marksheet!A9 -> Deevija Garg | C10: 3 | D10: 3 | E10: 3 | F10: 3 | G10: 0 | H10: 4 | I10: 2 | J10: 5 | K10: 4 | L10: 4 | N10: =SUM(C10:L10) -> 31 | R10: 0 | S10: =SUM(C10,H10) -> 7 | T10: =SUM(D10,E10,I10,J10) -> 13 | U10: =SUM(K10,L10,G10,F10) -> 11 | V10: =SUM(R10:U10) -> 31
A11: =Marksheet!B10 -> 590014314 | B11: =Marksheet!A10 -> Chandni Negi | C11: 3 | D11: 3 | E11: 0 | F11: 3 | G11: 3 | H11: 5 | I11: 2 | J11: 0 | K11: 3 | L11: 4 | N11: =SUM(C11:L11) -> 26 | R11: 0 | S11: =SUM(C11,H11) -> 8 | T11: =SUM(D11,E11,I11,J11) -> 5 | U11: =SUM(K11,L11,G11,F11) -> 13 | V11: =SUM(R11:U11) -> 26
A12: =Marksheet!B11 -> 590016280 | B12: =Marksheet!A11 -> Divya Krishna | C12: 3 | D12: 3 | E12: 3 | F12: 3 | G12: 0 | H12: 5 | I12: 0 | J12: 5 | K12: 5 | L12: 5 | N12: =SUM(C12:L12) -> 32 | R12: 0 | S12: =SUM(C12,H12) -> 8 | T12: =SUM(D12,E12,I12,J12) -> 11 | U12: =SUM(K12,L12,G12,F12) -> 13 | V12: =SUM(R12:U12) -> 32
A13: =Marksheet!B12 -> 590017181 | B13: =Marksheet!A12 -> Shubhangee Shukla | C13: 3 | D13: 3 | E13: 3 | F13: 3 | G13: 3 | H13: 4 | I13: 4 | J13: 3 | K13: 2 | L13: 2 | N13: =SUM(C13:L13) -> 30 | R13: 0 | S13: =SUM(C13,H13) -> 7 | T13: =SUM(D13,E13,I13,J13) -> 13 | U13: =SUM(K13,L13,G13,F13) -> 10 | V13: =SUM(R13:U13) -> 30
A14: =Marksheet!B13 -> 590017658 | B14: =Marksheet!A13 -> Heera Singh | C14: 3 | D14: 3 | E14: 3 | F14: 3 | G14: 3 | H14: 3 | I14: 2 | J14: 5 | K14: 4 | L14: 2 | N14: =SUM(C14:L14) -> 31 | R14: 0 | S14: =SUM(C14,H14) -> 6 | T14: =SUM(D14,E14,I14,J14) -> 13 | U14: =SUM(K14,L14,G14,F14) -> 12 | V14: =SUM(R14:U14) -> 31
A15: =Marksheet!B14 -> 590017776 | B15: =Marksheet!A14 -> Abhineet Srivastava | C15: 3 | D15: 3 | E15: 3 | F15: 3 | G15: 3 | H15: 5 | I15: 5 | J15: 5 | K15: 5 | L15: 5 | N15: =SUM(C15:L15) -> 40 | R15: 0 | S15: =SUM(C15,H15) -> 8 | T15: =SUM(D15,E15,I15,J15) -> 16 | U15: =SUM(K15,L15,G15,F15) -> 16 | V15: =SUM(R15:U15) -> 40
A16: =Marksheet!B15 -> 590018198 | B16: =Marksheet!A15 -> Tanisha Chanani | C16: 3 | D16: 3 | E16: 3 | F16: 3 | G16: 3 | H16: 5 | I16: 5 | J16: 5 | K16: 5 | L16: 3 | N16: =SUM(C16:L16) -> 38 | R16: 0 | S16: =SUM(C16,H16) -> 8 | T16: =SUM(D16,E16,I16,J16) -> 16 | U16: =SUM(K16,L16,G16,F16) -> 14 | V16: =SUM(R16:U16) -> 38
A17: =Marksheet!B16 -> 590018519 | B17: =Marksheet!A16 -> Rushil Soni | C17: 3 | D17: 3 | E17: 3 | F17: 3 | G17: 3 | H17: 4 | I17: 3 | J17: 3 | K17: 4 | L17: 4 | N17: =SUM(C17:L17) -> 33 | R17: 0 | S17: =SUM(C17,H17) -> 7 | T17: =SUM(D17,E17,I17,J17) -> 12 | U17: =SUM(K17,L17,G17,F17) -> 14 | V17: =SUM(R17:U17) -> 33

Sheet End Sem
A1: End Sem Examination
A2: =Marksheet!A2 -> Computatioal Astrophysics (PHYS 8202)
C3: CO1 | D3: CO2 | E3: CO3 | F3: CO1 | G3: CO2 | H3: CO1 | I3: CO3 | J3: CO3 | K3: CO4 | L3: CO3 | M3: CO4
A4: Student Id | B4: Name | C4: Q1 | D4: Q2 | E4: Q3 | F4: Q4 | G4: Q5 | H4: Q6 | I4: Q7 | J4: Q8 | K4: Q9 | L4: Q10 | M4: Q11 | N4: Total | O4: Sign
B5: Max Marks | C5: 4 | D5: 4 | E5: 4 | F5: 4 | G5: 4 | H5: 10 | I5: 10 | J5: 10 | K5: 10 | L5: 20 | M5: 20 | N5: =SUM(C5:M5) -> 100
A6: ='Mid Sem'!B6 -> 590010833 | B6: ='Mid Sem'!A6 -> Vansh Sharma | C6: 2 | D6: 4 | E6: 4 | F6: 2 | G6: 3 | H6: 2 | I6: 4 | J6: 6 | K6: 10 | L6: 4 | M6: 10 | N6: =SUM(C6:M6) -> 51
A7: ='Mid Sem'!B7 -> 590010853 | B7: ='Mid Sem'!A7 -> Mokshika Saini | C7: 2 | D7: 0 | E7: 3 | F7: 2 | G7: 4 | H7: 0 | I7: 7 | J7: 0 | K7: 3 | L7: 2 | M7: 8 | N7: =SUM(C7:M7) -> 31
A8: ='Mid Sem'!B8 -> 590011314 | B8: ='Mid Sem'!A8 -> Sakshi Sheshrao Charde | C8: 2 | D8: 2 | E8: 1 | F8: 2 | G8: 2 | H8: 0 | I8: 2 | J8: 2 | K8: 4 | L8: 6 | M8: 7 | N8: =SUM(C8:M8) -> 30
A9: ='Mid Sem'!B9 -> 590011462 | B9: ='Mid Sem'!A9 -> Akash Vinodshirke | C9: 3 | D9: 4 | E9: 4 | F9: 4 | G9: 4 | H9: 10 | I9: 8 | J9: 10 | K9: 10 | L9: 18 | M9: 19 | N9: =SUM(C9:M9) -> 94
A10: ='Mid Sem'!B10 -> 590013559 | B10: ='Mid Sem'!A10 -> Deevija Garg | C10: 3 | D10: 4 | E10: 4 | F10: 4 | G10: 4 | H10: 6 | I10: 10 | J10: 8 | K10: 7 | L10: 14 | M10: 6 | N10: =SUM(C10:M10) -> 70
A11: ='Mid Sem'!B11 -> 590014314 | B11: ='Mid Sem'!A11 -> Chandni Negi | C11: 3 | D11: 4 | E11: 3 | F11: 2 | G11: 4 | H11: 6 | I11: 7 | J11: 3 | K11: 10 | L11: 11 | M11: 13 | N11: =SUM(C11:M11) -> 66
A12: ='Mid Sem'!B12 -> 590016280 | B12: ='Mid Sem'!A12 -> Divya Krishna | C12: 4 | D12: 4 | E12: 4 | F12: 4 | G12: 4 | H12: 7 | I12: 10 | J12: 10 | K12: 6 | L12: 13 | M12: 5 | N12: =SUM(C12:M12) -> 71
A13: ='Mid Sem'!B13 -> 590017181 | B13: ='Mid Sem'!A13 -> Shubhangee Shukla | C13: 3 | D13: 2 | E13: 4 | F13: 4 | G13: 3 | H13: 0 | I13: 0 | J13: 0 | K13: 7 | L13: 8 | M13: 10 | N13: =SUM(C13:M13) -> 41
A14: ='Mid Sem'!B14 -> 590017658 | B14: ='Mid Sem'!A14 -> Heera Singh | C14: 4 | E14: 4 | F14: 3 | G14: 4 | H14: 3 | I14: 7 | J14: 0 | K14: 7 | L14: 15 | M14: 17 | N14: =SUM(C14:M14) -> 64
A15: ='Mid Sem'!B15 -> 590017776 | B15: ='Mid Sem'!A15 -> Abhineet Srivastava | C15: 4 | D15: 2 | E15: 4 | F15: 4 | G15: 4 | H15: 4 | I15: 4 | J15: 6 | K15: 10 | L15: 12 | M15: 12 | N15: =SUM(C15:M15) -> 66
A16: ='Mid Sem'!B16 -> 590018198 | B16: ='Mid Sem'!A16 -> Tanisha Chanani | C16: 4 | D16: 2 | E16: 4 | F16: 4 | G16: 3 | H16: 7 | I16: 10 | J16: 8 | K16: 10 | L16: 18 | M16: 18 | N16: =SUM(C16:M16) -> 88
A17: ='Mid Sem'!B17 -> 590018519 | B17: ='Mid Sem'!A17 -> Rushil Soni | C17: 2 | D17: 1 | E17: 2 | F17: 2 | G17: 3 | H17: 5 | I17: 5 | J17: 4 | K17: 10 | L17: 4 | M17: 4 | N17: =SUM(C17:M17) -> 42
N18: =SUM(C18:M18) -> 0
