Workbook

Sheet Marksheet
A1: Final Marks
A2: Classical Mechanics (PHYS 7001)
A3: Cohort Name | B3: Name | C3: SAP ID | E3: Assignment 1 | F3: Assignment 2 | G3: Class Test 1 | H3: Class Test 2 | I3: IA | J3: IA | K3: Mid Sem | L3: Mid Sem | M3: End Sem | N3: End Sem | O3: Total | P3: Sign
C4: Max Marks | E4: 10 | F4: 10 | G4: 20 | H4: 20 | I4: =(0.5*(E4+F4) + G4 + H4) -> 50 | J4: =I4*2 -> 100 | K4: =L4/5 -> 20 | L4: 100 | M4: 100 | N4: =M4*0.3 -> 30 | O4: =SUM(I4,K4,N4) -> 100
A5: BSc-H-PHYSICS-VI_PHYS3023P_4_Fundamentals of Astronomy | B5: Akshay Alodiya | C5: 590021120 | E5: ='Assignment 1'!N6 -> 10 | F5: ='Assignment 2'!N6 -> 10 | G5: ='Class Test 1'!N6/2 -> 9.5 | H5: ='Class Test 2'!N6/2 -> 7 | I5: =(0.5*(E5+F5) + G5 + H5) -> 26.5 | J5: =I5*2 -> 53 | K5: =L5/5 -> 6.4 | L5: ='Mid Sem'!N6*2 -> 32 | M5: ='End Sem'!N6 -> 65 | N5: =M5*0.3 -> 19.5 | O5: =SUM(I5,K5,N5) -> 52.4
A6: BSc-H-PHYSICS-VI_PHYS3023P_4_Fundamentals of Astronomy | B6: Avishankar Sardar | C6: 590021194 | E6: ='Assignment 1'!N7 -> 10 | F6: ='Assignment 2'!N7 -> 10 | G6: ='Class Test 1'!N7/2 -> 12.5 | H6: ='Class Test 2'!N7/2 -> 14 | I6: =(0.5*(E6+F6) + G6 + H6) -> 36.5 | J6: =I6*2 -> 73 | K6: =L6/5 -> 18.4 | L6: ='Mid Sem'!N7*2 -> 92 | M6: ='End Sem'!N7 -> 60 | N6: =M6*0.3 -> 18 | O6: =SUM(I6,K6,N6) -> 72.9
A7: BSc-H-PHYSICS-VI_PHYS3023P_4_Fundamentals of Astronomy | B7: Dhruv Kumar Singh | C7: 590021234 | E7: 9 | F7: ='Assignment 2'!N8 -> 10 | G7: ='Class Test 1'!N8/2 -> 16 | H7: ='Class Test 2'!N8/2 -> 7.5 | I7: =(0.5*(E7+F7) + G7 + H7) -> 33 | J7: =I7*2 -> 66 | K7: =L7/5 -> 4.4 | L7: ='Mid Sem'!N8*2 -> 22 | M7: ='End Sem'!N8 -> 8 | N7: =M7*0.3 -> 2.4 | O7: =SUM(I7,K7,N7) -> 39.8
A8: BSc-H-PHYSICS-VI_PHYS3023P_4_Fundamentals of Astronomy | B8: Madhumita Rajesh | C8: 590025722 | E8: ='Assignment 1'!N9 -> 10 | F8: ='Assignment 2'!N9 -> 10 | G8: ='Class Test 1'!N9/2 -> 15 | H8: ='Class Test 2'!N9/2 -> 12 | I8: =(0.5*(E8+F8) + G8 + H8) -> 37 | J8: =I8*2 -> 74 | K8: =L8/5 -> 10.8 | L8: ='Mid Sem'!N9*2 -> 54 | M8: ='End Sem'!N9 -> 31 | N8: =M8*0.3 -> 9.3 | O8: =SUM(I8,K8,N8) -> 57.1
A9: BSc-H-PHYSICS-VI_PHYS3023P_4_Fundamentals of Astronomy | B9: Queeny Kaur | C9: 590024722 | E9: ='Assignment 1'!N10 -> 10 | F9: ='Assignment 2'!N10 -> 10 | G9: ='Class Test 1'!N10/2 -> 12.5 | H9: ='Class Test 2'!N10/2 -> 9.5 | I9: =(0.5*(E9+F9) + G9 + H9) -> 32 | J9: =I9*2 -> 64 | K9: =L9/5 -> 8 | L9: ='Mid Sem'!N10*2 -> 40 | M9: ='End Sem'!N10 -> 52 | N9: =M9*0.3 -> 15.6 | O9: =SUM(I9,K9,N9) -> 55.6
A10: BSc-H-PHYSICS-VI_PHYS3023P_4_Fundamentals of Astronomy | B10: Swagata Mukherjee | C10: 590024897 | E10: ='Assignment 1'!N11 -> 10 | F10: ='Assignment 2'!N11 -> 10 | G10: ='Class Test 1'!N11/2 -> 17.5 | H10: ='Class Test 2'!N11/2 -> 10.5 | I10: =(0.5*(E10+F10) + G10 + H10) -> 38 | J10: =I10*2 -> 76 | K10: =L10/5 -> 16.8 | L10: ='Mid Sem'!N11*2 -> 84 | M10: ='End Sem'!N11 -> 0 | N10: =M10*0.3 -> 0 | O10: =SUM(I10,K10,N10) -> 54.8
A11: BSc-H-PHYSICS-VI_PHYS3023P_4_Fundamentals of Astronomy | B11: Prakhar | C11: 590027722 | E11: ='Assignment 1'!N12 -> 10 | F11: ='Assignment 2'!N12 -> 10 | G11: ='Class Test 1'!N12/2 -> 20 | H11: ='Class Test 2'!N12/2 -> 2 | I11: =(0.5*(E11+F11) + G11 + H11) -> 32 | J11: =I11*2 -> 64 | K11: =L11/5 -> 7.6 | L11: ='Mid Sem'!N12*2 -> 38 | M11: ='End Sem'!N12 -> 18 | N11: =M11*0.3 -> 5.4 | O11: =SUM(I11,K11,N11) -> 45
A12: BSc-H-PHYSICS-VI_PHYS3023P_4_Fundamentals of Astronomy | B12: Ayush Uniyal | C12: 590027572 | E12: ='Assignment 1'!N13 -> 10 | F12: ='Assignment 2'!N13 -> 10 | G12: ='Class Test 1'!N13/2 -> 17.5 | H12: ='Class Test 2'!N13/2 -> 18 | I12: =(0.5*(E12+F12) + G12 + H12) -> 45.5 | J12: =I12*2 -> 91 | K12: =L12/5 -> 14.4 | L12: ='Mid Sem'!N13*2 -> 72 | M12: ='End Sem'!N13 -> 86 | N12: =M12*0.3 -> 25.8 | O12: =SUM(I12,K12,N12) -> 85.7
A13: BSc-H-PHYSICS-VI_PHYS3023P_4_Fundamentals of Astronomy | B13: Divya Krishna | C13: 590016280 | E13: 9 | F13: ='Assignment 2'!N14 -> 10 | G13: ='Class Test 1'!N14/2 -> 14.5 | H13: ='Class Test 2'!N14/2 -> 12.5 | I13: =(0.5*(E13+F13) + G13 + H13) -> 36.5 | J13: =I13*2 -> 73 | K13: =L13/5 -> 0 | L13: ='Mid Sem'!N14*2 -> 0 | M13: ='End Sem'!N14 -> 29 | N13: =M13*0.3 -> 8.7 | O13: =SUM(I13,K13,N13) -> 45.2
A14: BSc-H-PHYSICS-VI_PHYS3023P_4_Fundamentals of Astronomy | B14: NEHA NAGESH REVANKAR | C14: 590021217 | E14: ='Assignment 1'!N15 -> 10 | F14: 9 | G14: ='Class Test 1'!N15/2 -> 11 | H14: ='Class Test 2'!N15/2 -> 1 | I14: =(0.5*(E14+F14) + G14 + H14) -> 21.5 | J14: =I14*2 -> 43 | K14: =L14/5 -> 11.6 | L14: ='Mid Sem'!N15*2 -> 58 | M14: ='End Sem'!N15 -> 49 | N14: =M14*0.3 -> 14.7 | O14: =SUM(I14,K14,N14) -> 47.8
A15: BSc-H-PHYSICS-VI_PHYS3023P_4_Fundamentals of Astronomy | B15: Rushil Soni | C15: 590018519 | E15: ='Assignment 1'!N16 -> 10 | F15: ='Assignment 2'!N16 -> 10 | G15: ='Class Test 1'!N16/2 -> 9.5 | H15: ='Class Test 2'!N16/2 -> 5.5 | I15: =(0.5*(E15+F15) + G15 + H15) -> 25 | J15: =I15*2 -> 50 | K15: =L15/5 -> 8.4 | L15: ='Mid Sem'!N16*2 -> 42 | M15: ='End Sem'!N16 -> 32 | N15: =M15*0.3 -> 9.6 | O15: =SUM(I15,K15,N15) -> 43
A16: BSc-H-PHYSICS-VI_PHYS3023P_4_Fundamentals of Astronomy | B16: Vansh Sharma | C16: 590010833 | E16: ='Assignment 1'!N17 -> 10 | F16: 9 | G16: ='Class Test 1'!N17/2 -> 13.5 | H16: ='Class Test 2'!N17/2 -> 13.5 | I16: =(0.5*(E16+F16) + G16 + H16) -> 36.5 | J16: =I16*2 -> 73 | K16: =L16/5 -> 2 | L16: ='Mid Sem'!N17*2 -> 10 | M16: ='End Sem'!N17 -> 12 | N16: =M16*0.3 -> 3.6 | O16: =SUM(I16,K16,N16) -> 42.1
B17: Harishankar Nath Tiwari | C17: 590028752 | E17: 10 | F17: ='Assignment 2'!N18 -> 10 | G17: ='Class Test 1'!N18/2 -> 9.5 | H17: ='Class Test 2'!N18/2 -> 3.5 | I17: =(0.5*(E17+F17) + G17 + H17) -> 23 | J17: =I17*2 -> 46 | K17: =L17/5 -> 2 | L17: ='Mid Sem'!N18*2 -> 10 | M17: ='End Sem'!N18 -> 25 | N17: =M17*0.3 -> 7.5 | O17: =SUM(I17,K17,N17) -> 32.5
B18: Surwase Swapnil Tukaram | C18: 590028962 | E18: ='Assignment 1'!N19 -> 10 | F18: ='Assignment 2'!N19 -> 10 | G18: ='Class Test 1'!N19/2 -> 15 | H18: ='Class Test 2'!N19/2 -> 7 | I18: =(0.5*(E18+F18) + G18 + H18) -> 32 | J18: =I18*2 -> 64 | K18: =L18/5 -> 0.4 | L18: ='Mid Sem'!N19*2 -> 2 | M18: ='End Sem'!N19 -> 16 | N18: =M18*0.3 -> 4.8 | O18: =SUM(I18,K18,N18) -> 37.2
B19: Shreya | C19: 500107236 | E19: ='Assignment 1'!N20 -> 10 | F19: ='Assignment 2'!N20 -> 10 | G19: ='Class Test 1'!N20/2 -> 17.5 | H19: ='Class Test 2'!N20/2 -> 17 | I19: =(0.5*(E19+F19) + G19 + H19) -> 44.5 | J19: =I19*2 -> 89 | K19: =L19/5 -> 14 | L19: ='Mid Sem'!N20*2 -> 70 | M19: ='End Sem'!N20 -> 57 | N19: =M19*0.3 -> 17.1 | O19: =SUM(I19,K19,N19) -> 75.6
B20: Devansh | C20: 500106635 | E20: ='Assignment 1'!N21 -> 10 | F20: ='Assignment 2'!N21 -> 10 | G20: ='Class Test 1'!N21/2 -> 17.5 | H20: ='Class Test 2'!N21/2 -> 12.5 | I20: =(0.5*(E20+F20) + G20 + H20) -> 40 | J20: =I20*2 -> 80 | K20: =L20/5 -> 5.6 | L20: ='Mid Sem'!N21*2 -> 28 | M20: ='End Sem'!N21 -> 72 | N20: =M20*0.3 -> 21.6 | O20: =SUM(I20,K20,N20) -> 67.2

Sheet Mid Sem
A1: Mid Sem Examination
A2: =Marksheet!A2 -> Classical Mechanics (PHYS 7001)
C3: CO1 | D3: CO1 | E3: CO1 | F3: CO1 | G3: CO2 | H3: CO3
A4: Name | B4: Student ID | C4: Q1 | D4: Q2 | E4: Q3 | F4: Q4 | G4: Q5 | H4: Q6 | I4: Q7 | J4: Q8 | K4: Q9 | L4: Q10 | M4: Q11 | N4: Total | O4: Sign
B5: Max Marks | C5: 5 | D5: 5 | E5: 5 | F5: 5 | G5: 15 | H5: 15 | N5: =SUM(C5:H5) -> 50
A6: =Marksheet!B5 -> Akshay Alodiya | B6: =Marksheet!C5 -> 590021120 | C6: 3 | D6: 2 | E6: 2 | F6: 5 | G6: 4 | H6: 0 | N6: =SUM(C6:H6) -> 16
A7: =Marksheet!B6 -> Avishankar Sardar | B7: =Marksheet!C6 -> 590021194 | C7: 5 | D7: 5 | E7: 5 | F7: 3 | G7: 15 | H7: 13 | N7: =SUM(C7:H7) -> 46
A8: =Marksheet!B7 -> Dhruv Kumar Singh | B8: =Marksheet!C7 -> 590021234 | C8: 0 | D8: 0 | E8: 5 | F8: 2 | G8: 0 | H8: 4 | N8: =SUM(C8:H8) -> 11
A9: =Marksheet!B8 -> Madhumita Rajesh | B9: =Marksheet!C8 -> 590025722 | C9: 5 | D9: 2 | E9: 0 | F9: 5 | G9: 2 | H9: 13 | N9: =SUM(C9:H9) -> 27
A10: =Marksheet!B9 -> Queeny Kaur | B10: =Marksheet!C9 -> 590024722 | C10: 4 | D10: 3 | E10: 5 | F10: 4 | G10: 4 | H10: 0 | N10: =SUM(C10:H10) -> 20
A11: =Marksheet!B10 -> Swagata Mukherjee | B11: =Marksheet!C10 -> 590024897 | C11: 3 | D11: 4 | E11: 5 | F11: 5 | G11: 15 | H11: 10 | N11: =SUM(C11:H11) -> 42
A12: =Marksheet!B11 -> Prakhar | B12: =Marksheet!C11 -> 590027722 | C12: 5 | D12: 5 | E12: 5 | F12: 0 | G12: 4 | H12: 0 | N12: =SUM(C12:H12) -> 19
A13: =Marksheet!B12 -> Ayush Uniyal | B13: =Marksheet!C12 -> 590027572 | C13: 5 | D13: 5 | E13: 4 | F13: 0 | G13: 7 | H13: 15 | N13: =SUM(C13:H13) -> 36
A14: =Marksheet!B13 -> Divya Krishna | B14: =Marksheet!C13 -> 590016280 | C14: AB | D14: AB | E14: AB | F14: AB | G14: AB | H14: AB | N14: =SUM(C14:H14) -> 0
A15: =Marksheet!B14 -> NEHA NAGESH REVANKAR | B15: =Marksheet!C14 -> 590021217 | C15: 1 | D15: 1 | E15: 5 | F15: 5 | G15: 2 | H15: 15 | N15: =SUM(C15:H15) -> 29
A16: =Marksheet!B15 -> Rushil Soni | B16: =Marksheet!C15 -> 590018519 | C16: 1 | D16: 2 | E16: 3 | F16: 0 | G16: 0 | H16: 15 | N16: =SUM(C16:H16) -> 21
A17: =Marksheet!B16 -> Vansh Sharma | B17: =Marksheet!C16 -> 590010833 | C17: 0 | D17: 0 | E17: 0 | F17: 0 | G17: 0 | H17: 5 | N17: =SUM(C17:H17) -> 5
A18: =Marksheet!B17 -> Harishankar Nath Tiwari | B18: =Marksheet!C17 -> 590028752 | C18: 0 | D18: 0 | E18: 0 | F18: 0 | G18: 5 | H18: 0 | N18: =SUM(C18:H18) -> 5
A19: =Marksheet!B18 -> Surwase Swapnil Tukaram | B19: =Marksheet!C18 -> 590028962 | C19: 1 | D19: 0 | E19: 0 | F19: 0 | G19: 0 | H19: 0 | N19: =SUM(C19:H19) -> 1
A20: =Marksheet!B19 -> Shreya | B20: =Marksheet!C19 -> 500107236 | C20: 5 | D20: 5 | E20: 5 | F20: 5 | G20: 0 | H20: 15 | N20: =SUM(C20:H20) -> 35
A21: =Marksheet!B20 -> Devansh | B21: =Marksheet!C20 -> 500106635 | C21: 5 | D21: 0 | E21: 5 | F21: 4 | G21: 0 | H21: 0 | N21: =SUM(C21:H21) -> 14
B42: =Marksheet!C5 -> 590021120
B43: =Marksheet!C6 -> 590021194
B44: =Marksheet!C7 -> 590021234
B45: =Marksheet!C8 -> 590025722 | C45: 4 | D45: 3 | E45: 5 | F45: 4 | G45: 4 | H45: 0
B46: =Marksheet!C9 -> 590024722 | C46: 3 | D46: 4 | E46: 5 | F46: 5 | G46: 15 | H46: 10
B47: =Marksheet!C10 -> 590024897
B48: =Marksheet!C11 -> 590027722
B49: =Marksheet!C12 -> 590027572
B50: =Marksheet!C13 -> 590016280
B51: =Marksheet!C14 -> 590021217
B52: =Marksheet!C15 -> 590018519
B53: =Marksheet!C16 -> 590010833
B54: =Marksheet!C17 -> 590028752
B55: =Marksheet!C18 -> 590028962
B56: 500107236
B57: 500106635

Sheet End Sem
A1: End Sem Examination
A2: =Marksheet!A2 -> Classical Mechanics (PHYS 7001)
C3: CO1 | D3: CO2 | E3: CO3 | F3: CO1 | G3: CO2 | H3: CO1 | I3: CO3 | J3: CO3 | K3: CO4 | L3: CO3 | M3: CO4
A4: Student Id | B4: Name | C4: Q1 | D4: Q2 | E4: Q3 | F4: Q4 | G4: Q5 | H4: Q6 | I4: Q7 | J4: Q8 | K4: Q9 | L4: Q10 | M4: Q11 | N4: Total | O4: Sign
B5: Max Marks | C5: 4 | D5: 4 | E5: 4 | F5: 4 | G5: 4 | H5: 10 | I5: 10 | J5: 10 | K5: 10 | L5: 20 | M5: 20 | N5: =SUM(C5:M5) -> 100
A6: =Marksheet!C5 -> 590021120 | B6: =Marksheet!B5 -> Akshay Alodiya | C6: 2 | D6: 4 | E6: 4 | F6: 3 | G6: 2 | H6: 6 | I6: 0 | J6: 10 | K6: 10 | L6: 9 | M6: 15 | N6: =SUM(C6:M6) -> 65
A7: =Marksheet!C6 -> 590021194 | B7: =Marksheet!B6 -> Avishankar Sardar | C7: 2 | D7: 4 | E7: 4 | F7: 0 | G7: 4 | H7: 2 | I7: 4 | J7: 10 | K7: 10 | L7: 20 | M7: 0 | N7: =SUM(C7:M7) -> 60
A8: =Marksheet!C7 -> 590021234 | B8: =Marksheet!B7 -> Dhruv Kumar Singh | C8: 0 | D8: 0 | E8: 1 | F8: 0 | G8: 1 | H8: 0 | I8: 0 | J8: 6 | K8: 0 | L8: 0 | M8: 0 | N8: =SUM(C8:M8) -> 8
A9: =Marksheet!C8 -> 590025722 | B9: =Marksheet!B8 -> Madhumita Rajesh | C9: 4 | D9: 4 | E9: 3 | G9: 3 | I9: 3 | J9: 5 | L9: 3 | M9: 6 | N9: =SUM(C9:M9) -> 31
A10: =Marksheet!C9 -> 590024722 | B10: =Marksheet!B9 -> Queeny Kaur | C10: 3 | D10: 4 | E10: 4 | F10: 2 | G10: 2 | H10: 2 | I10: 3 | J10: 10 | K10: 0 | L10: 20 | M10: 2 | N10: =SUM(C10:M10) -> 52
A11: =Marksheet!C10 -> 590024897 | B11: =Marksheet!B10 -> Swagata Mukherjee | C11: AB | N11: =SUM(C11:M11) -> 0
A12: =Marksheet!C11 -> 590027722 | B12: =Marksheet!B11 -> Prakhar | C12: 1 | D12: 4 | E12: 2 | G12: 4 | K12: 3 | L12: 2 | M12: 2 | N12: =SUM(C12:M12) -> 18
A13: =Marksheet!C12 -> 590027572 | B13: =Marksheet!B12 -> Ayush Uniyal | C13: 4 | D13: 4 | E13: 4 | F13: 4 | G13: 4 | H13: 10 | I13: 8 | J13: 10 | K13: 3 | L13: 18 | M13: 17 | N13: =SUM(C13:M13) -> 86
A14: =Marksheet!C13 -> 590016280 | B14: =Marksheet!B13 -> Divya Krishna | C14: 2 | D14: 2 | E14: 0 | F14: 3 | G14: 2 | H14: 0 | I14: 0 | J14: 0 | K14: 0 | L14: 15 | M14: 5 | N14: =SUM(C14:M14) -> 29
A15: =Marksheet!C14 -> 590021217 | B15: =Marksheet!B14 -> NEHA NAGESH REVANKAR | C15: 4 | D15: 3 | E15: 1 | F15: 1 | G15: 1 | H15: 0 | I15: 4 | J15: 5 | K15: 10 | L15: 20 | M15: 0 | N15: =SUM(C15:M15) -> 49
A16: =Marksheet!C15 -> 590018519 | B16: =Marksheet!B15 -> Rushil Soni | C16: 4 | D16: 0 | E16: 4 | F16: 2 | G16: 2 | H16: 0 | I16: 10 | J16: 0 | K16: 0 | L16: 7 | M16: 3 | N16: =SUM(C16:M16) -> 32
A17: =Marksheet!C16 -> 590010833 | B17: =Marksheet!B16 -> Vansh Sharma | C17: 0 | D17: 0 | E17: 0 | F17: 0 | G17: 2 | H17: 3 | I17: 5 | J17: 0 | K17: 0 | L17: 2 | M17: 0 | N17: =SUM(C17:M17) -> 12
A18: =Marksheet!C17 -> 590028752 | B18: =Marksheet!B17 -> Harishankar Nath Tiwari | C18: 0 | D18: 2 | E18: 4 | F18: 0 | G18: 4 | H18: 0 | I18: 0 | J18: 10 | K18: 0 | L18: 5 | M18: 0 | N18: =SUM(C18:M18) -> 25
A19: =Marksheet!C18 -> 590028962 | B19: =Marksheet!B18 -> Surwase Swapnil Tukaram | C19: 0 | D19: 1 | E19: 2 | F19: 1 | G19: 2 | H19: 0 | I19: 0 | J19: 3 | K19: 0 | L19: 3 | M19: 4 | N19: =SUM(C19:M19) -> 16
A20: 500107236 | B20: =Marksheet!B19 -> Shreya | C20: 4 | D20: 4 | E20: 4 | F20: 4 | G20: 4 | H20: 5 | I20: 5 | J20: 1 | K20: 6 | L20: 15 | M20: 5 | N20: =SUM(C20:M20) -> 57
A21: 500106635 | B21: =Marksheet!B20 -> Devansh | C21: 3 | D21: 2 | E21: 4 | F21: 4 | G21: 4 | H21: 7 | I21: 0 | J21: 0 | K21: 10 | L21: 20 | M21: 18 | N21: =SUM(C21:M21) -> 72

Sheet Assignment 1
A1: Assignment 1
A2: =Marksheet!A2 -> Classical Mechanics (PHYS 7001)
C3: CO1 | D3: CO2 | E3: CO3 | F3: CO1 | G3: CO2 | H3: CO1 | I3: CO3 | J3: CO3 | K3: CO4 | L3: CO3 | M3: CO4
A4: Student Id | B4: Name | C4: Q1 | D4: Q2 | E4: Q3 | F4: Q4 | G4: Q5 | H4: Q6 | I4: Q7 | J4: Q8 | K4: Q9 | L4: Q10 | M4: Q11 | N4: Total | O4: Sign
B5: Max Marks | C5: 5 | D5: 5 | E5: 5 | F5: 5 | G5: 15 | H5: 15 | N5: 10
A6: ='Mid Sem'!B42 -> 590021120 | B6: ='Mid Sem'!A6 -> Akshay Alodiya | N6: 10
A7: ='Mid Sem'!B43 -> 590021194 | B7: ='Mid Sem'!A7 -> Avishankar Sardar | N7: 10
A8: ='Mid Sem'!B44 -> 590021234 | B8: ='Mid Sem'!A8 -> Dhruv Kumar Singh | N8: 10
A9: ='Mid Sem'!B45 -> 590025722 | B9: ='Mid Sem'!A9 -> Madhumita Rajesh | N9: 10
A10: ='Mid Sem'!B46 -> 590024722 | B10: ='Mid Sem'!A10 -> Queeny Kaur | N10: 10
A11: ='Mid Sem'!B47 -> 590024897 | B11: ='Mid Sem'!A11 -> Swagata Mukherjee | N11: 10
A12: ='Mid Sem'!B48 -> 590027722 | B12: ='Mid Sem'!A12 -> Prakhar | N12: 10
A13: ='Mid Sem'!B49 -> 590027572 | B13: ='Mid Sem'!A13 -> Ayush Uniyal | N13: 10
A14: ='Mid Sem'!B50 -> 590016280 | B14: ='Mid Sem'!A14 -> Divya Krishna | N14: 10
A15: ='Mid Sem'!B51 -> 590021217 | B15: ='Mid Sem'!A15 -> NEHA NAGESH REVANKAR | N15: 10
A16: ='Mid Sem'!B52 -> 590018519 | B16: ='Mid Sem'!A16 -> Rushil Soni | N16: 10
A17: ='Mid Sem'!B53 -> 590010833 | B17: ='Mid Sem'!A17 -> Vansh Sharma | N17: 10
... A21: ='Mid Sem'!B57 -> 500106635 | B21: ='Mid Sem'!A21 -> Devansh | N21: 10

Sheet Assignment 2
A1: Assignment 1
A2: =Marksheet!A2 -> Classical Mechanics (PHYS 7001)
C3: CO1 | D3: CO2 | E3: CO3 | F3: CO1 | G3: CO2 | H3: CO1 | I3: CO3 | J3: CO3 | K3: CO4 | L3: CO3 | M3: CO4
A4: Student Id | B4: Name | C4: Q1 | D4: Q2 | E4: Q3 | F4: Q4 | G4: Q5 | H4: Q6 | I4: Q7 | J4: Q8 | K4: Q9 | L4: Q10 | M4: Q11 | N4: Total | O4: Sign
B5: Max Marks | C5: 5 | D5: 5 | E5: 5 | F5: 5 | G5: 15 | H5: 15 | N5: 10
A6: ='Mid Sem'!B42 -> 590021120 | B6: ='Mid Sem'!A6 -> Akshay Alodiya | N6: 10
A7: ='Mid Sem'!B43 -> 590021194 | B7: ='Mid Sem'!A7 -> Avishankar Sardar | N7: 10
A8: ='Mid Sem'!B44 -> 590021234 | B8: ='Mid Sem'!A8 -> Dhruv Kumar Singh | N8: 10
A9: ='Mid Sem'!B45 -> 590025722 | B9: ='Mid Sem'!A9 -> Madhumita Rajesh | N9: 10
A10: ='Mid Sem'!B46 -> 590024722 | B10: ='Mid Sem'!A10 -> Queeny Kaur | N10: 10
A11: ='Mid Sem'!B47 -> 590024897 | B11: ='Mid Sem'!A11 -> Swagata Mukherjee | N11: 10
A12: ='Mid Sem'!B48 -> 590027722 | B12: ='Mid Sem'!A12 -> Prakhar | N12: 10
A13: ='Mid Sem'!B49 -> 590027572 | B13: ='Mid Sem'!A13 -> Ayush Uniyal | N13: 10
A14: ='Mid Sem'!B50 -> 590016280 | B14: ='Mid Sem'!A14 -> Divya Krishna | N14: 10
A15: ='Mid Sem'!B51 -> 590021217 | B15: ='Mid Sem'!A15 -> NEHA NAGESH REVANKAR | N15: 10
A16: ='Mid Sem'!B52 -> 590018519 | B16: ='Mid Sem'!A16 -> Rushil Soni | N16: 10
A17: ='Mid Sem'!B53 -> 590010833 | B17: ='Mid Sem'!A17 -> Vansh Sharma | N17: 10
... A21: ='Mid Sem'!B57 -> 500106635 | B21: ='Mid Sem'!A21 -> Devansh | N21: 10

Sheet Class Test 1
A1: Class Test 1
A2: =Marksheet!A2 -> Classical Mechanics (PHYS 7001)
C3: CO1 | D3: CO4 | E3: CO3 | F3: CO3 | G3: CO3 | H3: CO4 | I3: CO4 | J3: CO4 | K3: CO3 | L3: CO3
A4: Student Id | B4: Name | C4: Q1 | D4: Q2 | E4: Q3 | F4: Q4 | G4: Q5 | H4: Q6 | I4: Q7 | J4: Q8 | K4: Q9 | L4: Q10 | M4: Q11 | O4: Total | P4: Sign
B5: Max Marks | C5: 3 | D5: 3 | E5: 3 | F5: 3 | G5: 3 | H5: 5 | I5: 5 | J5: 5 | K5: 5 | L5: 5 | O5: =SUM(C5:L5) -> 40
A6: =Marksheet!C5 -> 590021120 | B6: =Marksheet!B5 -> Akshay Alodiya | C6: F | D6: F | E6: T | F6: T | G6: T | H6: F | I6: T | J6: N | K6: T | L6: F | N6: {=SUMPRODUCT((C6:M6="T")*C$5:M$5)} -> 19 | O6: {=SUMPRODUCT((C6:M6="T")*C$5:M$5) - SUMPRODUCT((C6:M6="F")*C$5:M$5/4)} -> 15
A7: =Marksheet!C6 -> 590021194 | B7: =Marksheet!B6 -> Avishankar Sardar | C7: T | D7: T | E7: T | F7: T | G7: T | H7: T | I7: F | J7: F | K7: T | L7: F | N7: {=SUMPRODUCT((C7:M7="T")*C$5:M$5)} -> 25 | O7: {=SUMPRODUCT((C7:M7="T")*C$5:M$5) - SUMPRODUCT((C7:M7="F")*C$5:M$5/4)} -> 21.25
A8: =Marksheet!C7 -> 590021234 | B8: =Marksheet!B7 -> Dhruv Kumar Singh | C8: T | D8: T | E8: T | F8: F | G8: T | H8: T | I8: T | J8: T | K8: T | L8: F | N8: {=SUMPRODUCT((C8:M8="T")*C$5:M$5)} -> 32 | O8: {=SUMPRODUCT((C8:M8="T")*C$5:M$5) - SUMPRODUCT((C8:M8="F")*C$5:M$5/4)} -> 30
A9: =Marksheet!C8 -> 590025722 | B9: =Marksheet!B8 -> Madhumita Rajesh | C9: T | D9: T | E9: T | F9: T | G9: T | H9: F | I9: T | J9: T | K9: T | L9: F | N9: {=SUMPRODUCT((C9:M9="T")*C$5:M$5)} -> 30 | O9: {=SUMPRODUCT((C9:M9="T")*C$5:M$5) - SUMPRODUCT((C9:M9="F")*C$5:M$5/4)} -> 27.5
A10: =Marksheet!C9 -> 590024722 | B10: =Marksheet!B9 -> Queeny Kaur | C10: T | D10: T | E10: T | F10: T | G10: T | H10: T | I10: F | J10: N | K10: T | L10: F | N10: {=SUMPRODUCT((C10:M10="T")*C$5:M$5)} -> 25 | O10: {=SUMPRODUCT((C10:M10="T")*C$5:M$5) - SUMPRODUCT((C10:M10="F")*C$5:M$5/4)} -> 22.5
A11: =Marksheet!C10 -> 590024897 | B11: =Marksheet!B10 -> Swagata Mukherjee | C11: T | D11: T | E11: T | F11: T | G11: T | H11: T | I11: T | J11: T | K11: T | L11: F | N11: {=SUMPRODUCT((C11:M11="T")*C$5:M$5)} -> 35 | O11: {=SUMPRODUCT((C11:M11="T")*C$5:M$5) - SUMPRODUCT((C11:M11="F")*C$5:M$5/4)} -> 33.75
A12: =Marksheet!C11 -> 590027722 | B12: =Marksheet!B11 -> Prakhar | C12: T | D12: T | E12: T | F12: T | G12: T | H12: T | I12: T | J12: T | K12: T | L12: T | N12: {=SUMPRODUCT((C12:M12="T")*C$5:M$5)} -> 40 | O12: {=SUMPRODUCT((C12:M12="T")*C$5:M$5) - SUMPRODUCT((C12:M12="F")*C$5:M$5/4)} -> 40
A13: =Marksheet!C12 -> 590027572 | B13: =Marksheet!B12 -> Ayush Uniyal | C13: T | D13: T | E13: T | F13: T | G13: T | H13: T | I13: T | J13: T | K13: T | L13: F | N13: {=SUMPRODUCT((C13:M13="T")*C$5:M$5)} -> 35 | O13: {=SUMPRODUCT((C13:M13="T")*C$5:M$5) - SUMPRODUCT((C13:M13="F")*C$5:M$5/4)} -> 33.75
A14: =Marksheet!C13 -> 590016280 | B14: =Marksheet!B13 -> Divya Krishna | C14: T | D14: F | E14: F | F14: T | G14: T | H14: T | I14: T | J14: T | K14: T | L14: F | N14: {=SUMPRODUCT((C14:M14="T")*C$5:M$5)} -> 29 | O14: {=SUMPRODUCT((C14:M14="T")*C$5:M$5) - SUMPRODUCT((C14:M14="F")*C$5:M$5/4)} -> 26.25
A15: =Marksheet!C14 -> 590021217 | B15: =Marksheet!B14 -> NEHA NAGESH REVANKAR | C15: T | D15: F | E15: T | F15: T | G15: T | H15: F | I15: F | J15: T | K15: T | L15: F | N15: {=SUMPRODUCT((C15:M15="T")*C$5:M$5)} -> 22 | O15: {=SUMPRODUCT((C15:M15="T")*C$5:M$5) - SUMPRODUCT((C15:M15="F")*C$5:M$5/4)} -> 17.5
A16: =Marksheet!C15 -> 590018519 | B16: =Marksheet!B15 -> Rushil Soni | C16: T | D16: T | E16: T | F16: F | G16: N | H16: N | I16: N | J16: T | K16: T | L16: F | N16: {=SUMPRODUCT((C16:M16="T")*C$5:M$5)} -> 19 | O16: {=SUMPRODUCT((C16:M16="T")*C$5:M$5) - SUMPRODUCT((C16:M16="F")*C$5:M$5/4)} -> 17
A17: =Marksheet!C16 -> 590010833 | B17: =Marksheet!B16 -> Vansh Sharma | C17: T | D17: T | E17: T | F17: F | G17: T | H17: F | I17: T | J17: T | K17: T | L17: F | N17: {=SUMPRODUCT((C17:M17="T")*C$5:M$5)} -> 27 | O17: {=SUMPRODUCT((C17:M17="T")*C$5:M$5) - SUMPRODUCT((C17:M17="F")*C$5:M$5/4)} -> 23.75
... A21: =Marksheet!C20 -> 500106635 | B21: =Marksheet!B20 -> Devansh | C21: T | D21: T | E21: T | F21: T | G21: T | H21: T | I21: T | J21: T | K21: N | L21: T | N21: {=SUMPRODUCT((C21:M21="T")*C$5:M$5)} -> 35 | O21: {=SUMPRODUCT((C21:M21="T")*C$5:M$5) - SUMPRODUCT((C21:M21="F")*C$5:M$5/4)} -> 35

Sheet Class Test 2
A1: Class Test 2
A2: =Marksheet!A2 -> Classical Mechanics (PHYS 7001)
C3: CO1 | D3: CO2 | E3: CO3 | F3: CO1 | G3: CO2 | H3: CO1 | I3: CO3 | J3: CO3 | K3: CO4 | L3: CO3 | M3: CO4
A4: Student Id | B4: Name | C4: Q1 | D4: Q2 | E4: Q3 | F4: Q4 | G4: Q5 | H4: Q6 | I4: Q7 | J4: Q8 | K4: Q9 | L4: Q10 | M4: Q11 | N4: Total | O4: Sign
B5: Max Marks | C5: 5 | D5: 10 | E5: 5 | F5: 10 | G5: 5 | H5: 5 | N5: =SUM(C5:H5) -> 40
A6: =Marksheet!C5 -> 590021120 | B6: =Marksheet!B5 -> Akshay Alodiya | C6: 5 | D6: 4 | E6: 1 | F6: 0 | G6: 0 | H6: 4 | N6: =SUM(C6:H6) -> 14
A7: =Marksheet!C6 -> 590021194 | B7: =Marksheet!B6 -> Avishankar Sardar | C7: 5 | D7: 8 | E7: 5 | F7: 3 | G7: 5 | H7: 2 | N7: =SUM(C7:H7) -> 28
A8: =Marksheet!C7 -> 590021234 | B8: =Marksheet!B7 -> Dhruv Kumar Singh | C8: 5 | D8: 4 | E8: 2 | F8: 0 | G8: 4 | H8: 0 | N8: =SUM(C8:H8) -> 15
A9: =Marksheet!C8 -> 590025722 | B9: =Marksheet!B8 -> Madhumita Rajesh | C9: 4 | D9: 9 | E9: 2 | F9: 0 | G9: 5 | H9: 4 | N9: =SUM(C9:H9) -> 24
A10: =Marksheet!C9 -> 590024722 | B10: =Marksheet!B9 -> Queeny Kaur | C10: 5 | D10: 6 | E10: 2 | F10: 1 | G10: 5 | H10: 0 | N10: =SUM(C10:H10) -> 19
A11: =Marksheet!C10 -> 590024897 | B11: =Marksheet!B10 -> Swagata Mukherjee | C11: 5 | D11: 10 | E11: 3 | F11: 0 | G11: 2 | H11: 1 | N11: =SUM(C11:H11) -> 21
A12: =Marksheet!C11 -> 590027722 | B12: =Marksheet!B11 -> Prakhar | C12: 2 | D12: 0 | E12: 2 | F12: 0 | G12: 0 | H12: 0 | N12: =SUM(C12:H12) -> 4
A13: =Marksheet!C12 -> 590027572 | B13: =Marksheet!B12 -> Ayush Uniyal | C13: 5 | D13: 10 | E13: 5 | F13: 7 | G13: 5 | H13: 4 | N13: =SUM(C13:H13) -> 36
A14: =Marksheet!C13 -> 590016280 | B14: =Marksheet!B13 -> Divya Krishna | C14: 5 | D14: 0 | E14: 0 | F14: 10 | G14: 5 | H14: 5 | N14: =SUM(C14:H14) -> 25
A15: =Marksheet!C14 -> 590021217 | B15: =Marksheet!B14 -> NEHA NAGESH REVANKAR | C15: 0 | D15: 0 | E15: 0 | F15: 0 | G15: 2 | H15: 0 | N15: =SUM(C15:H15) -> 2
A16: =Marksheet!C15 -> 590018519 | B16: =Marksheet!B15 -> Rushil Soni | C16: 2 | D16: 0 | E16: 0 | F16: 1 | G16: 5 | H16: 3 | N16: =SUM(C16:H16) -> 11
A17: =Marksheet!C16 -> 590010833 | B17: =Marksheet!B16 -> Vansh Sharma | C17: 3 | D17: 5 | E17: 3 | F17: 7 | G17: 4 | H17: 5 | N17: =SUM(C17:H17) -> 27
... A21: =Marksheet!C20 -> 500106635 | B21: =Marksheet!B20 -> Devansh | C21: 5 | D21: 10 | E21: 5 | F21: 0 | G21: 0 | H21: 5 | N21: =SUM(C21:H21) -> 25
