Workbook

Sheet Marksheet
A1: Final Marks
A2: Planetary Science (PHYS8098P)
A3: Name | B3: SAP ID | C3: email | D3: Assignment 1 | E3: Class Test 1 | F3: Assignment 2 | G3: Class Test 2 | H3: CIA | I3: IA | J3: Mid Sem | K3: Mid Sem | L3: End Sem | M3: End Sem | N3: Total | O3: Sign | Q3: Email Address | R3: Roll Number
B4: Max Marks | D4: ='Assignment 1'!AG5 -> 20 | E4: ='Class Test 1'!O5 -> 40 | F4: ='Assignment 2'!AG5 -> 20 | G4: ='Class Test 2'!N5 -> 30 | H4: =SUM(D4:G4) -> 110 | I4: =H4/2 -> 55 | J4: =K4/5 -> 20 | K4: ='Mid Sem'!N5 -> 100 | L4: ='End Sem'!N5 -> 100 | M4: =L4*0.3 -> 30 | N4: =SUM(I4,J4,M4) -> 105
A5: Aniket Nishant Prakash | B5: 500122885 | C5: aniket.122885@stu.upes.ac.in | D5: ='Assignment 1'!AG6 -> 0 | E5: ='Class Test 1'!O6 -> 40 | F5: ='Assignment 2'!AG6 -> 0 | G5: ='Class Test 2'!N6 -> 0 | H5: =SUM(D5:G5) -> 40 | I5: =H5/2 -> 20 | J5: =K5/5 -> 0 | K5: ='Mid Sem'!N6 -> 0 | L5: ='End Sem'!N6 -> 0 | M5: =L5*0.3 -> 0 | N5: =SUM(I5,J5,M5) -> 20
A6: Ashish Panwar | B6: 500125854 | C6: ashish.125854@stu.upes.ac.in | D6: ='Assignment 1'!AG7 -> 0 | E6: ='Class Test 1'!O7 -> 38 | F6: ='Assignment 2'!AG7 -> 0 | G6: ='Class Test 2'!N7 -> 0 | H6: =SUM(D6:G6) -> 38 | I6: =H6/2 -> 19 | J6: =K6/5 -> 0 | K6: ='Mid Sem'!N7 -> 0 | L6: ='End Sem'!N7 -> 0 | M6: =L6*0.3 -> 0 | N6: =SUM(I6,J6,M6) -> 19
A7: DEBJIT ADHIKARI | B7: 500125723 | C7: debjit.125723@stu.upes.ac.in | D7: ='Assignment 1'!AG8 -> 0 | E7: ='Class Test 1'!O8 -> 0 | F7: ='Assignment 2'!AG8 -> 0 | G7: ='Class Test 2'!N8 -> 0 | H7: =SUM(D7:G7) -> 0 | I7: =H7/2 -> 0 | J7: =K7/5 -> 0 | K7: ='Mid Sem'!N8 -> 0 | L7: ='End Sem'!N8 -> 0 | M7: =L7*0.3 -> 0 | N7: =SUM(I7,J7,M7) -> 0
A8: Kalpita Saini | B8: 500117726 | C8: kalpita.117726@stu.upes.ac.in | D8: ='Assignment 1'!AG9 -> 0 | E8: ='Class Test 1'!O9 -> 32 | F8: ='Assignment 2'!AG9 -> 0 | G8: ='Class Test 2'!N9 -> 0 | H8: =SUM(D8:G8) -> 32 | I8: =H8/2 -> 16 | J8: =K8/5 -> 0 | K8: ='Mid Sem'!N9 -> 0 | L8: ='End Sem'!N9 -> 0 | M8: =L8*0.3 -> 0 | N8: =SUM(I8,J8,M8) -> 16
A9: Prakhar Mishra | B9: 500125422 | C9: prakhar.125422@stu.upes.ac.in | D9: ='Assignment 1'!AG10 -> 0 | E9: ='Class Test 1'!O10 -> 0 | F9: ='Assignment 2'!AG10 -> 0 | G9: ='Class Test 2'!N10 -> 0 | H9: =SUM(D9:G9) -> 0 | I9: =H9/2 -> 0 | J9: =K9/5 -> 0 | K9: ='Mid Sem'!N10 -> 0 | L9: ='End Sem'!N10 -> 0 | M9: =L9*0.3 -> 0 | N9: =SUM(I9,J9,M9) -> 0
A10: Prayag S Krishnan | B10: 500118526 | C10: prayag.118526@stu.upes.ac.in | D10: ='Assignment 1'!AG11 -> 0 | E10: ='Class Test 1'!O11 -> 25 | F10: ='Assignment 2'!AG11 -> 0 | G10: ='Class Test 2'!N11 -> 0 | H10: =SUM(D10:G10) -> 25 | I10: =H10/2 -> 12.5 | J10: =K10/5 -> 0 | K10: ='Mid Sem'!N11 -> 0 | L10: ='End Sem'!N11 -> 0 | M10: =L10*0.3 -> 0 | N10: =SUM(I10,J10,M10) -> 12.5
A11: Satyansh Srivastava | B11: 500123761 | C11: satyansh.123761@stu.upes.ac.in | D11: ='Assignment 1'!AG12 -> 0 | E11: ='Class Test 1'!O12 -> 0 | F11: ='Assignment 2'!AG12 -> 0 | G11: ='Class Test 2'!N12 -> 0 | H11: =SUM(D11:G11) -> 0 | I11: =H11/2 -> 0 | J11: =K11/5 -> 0 | K11: ='Mid Sem'!N12 -> 0 | L11: ='End Sem'!N12 -> 0 | M11: =L11*0.3 -> 0 | N11: =SUM(I11,J11,M11) -> 0
A12: Shagun Thakur | B12: 500124014 | C12: shagun.124014@stu.upes.ac.in | D12: ='Assignment 1'!AG13 -> 0 | E12: ='Class Test 1'!O13 -> 35 | F12: ='Assignment 2'!AG13 -> 0 | G12: ='Class Test 2'!N13 -> 0 | H12: =SUM(D12:G12) -> 35 | I12: =H12/2 -> 17.5 | J12: =K12/5 -> 0 | K12: ='Mid Sem'!N13 -> 0 | L12: ='End Sem'!N13 -> 0 | M12: =L12*0.3 -> 0 | N12: =SUM(I12,J12,M12) -> 17.5
A13: Shubhankar Bhardwaj | B13: 500122098 | C13: shubhankar.122098@stu.upes.ac.in | D13: ='Assignment 1'!AG14 -> 0 | E13: ='Class Test 1'!O14 -> 20 | F13: ='Assignment 2'!AG14 -> 0 | G13: ='Class Test 2'!N14 -> 0 | H13: =SUM(D13:G13) -> 20 | I13: =H13/2 -> 10 | J13: =K13/5 -> 0 | K13: ='Mid Sem'!N14 -> 0 | L13: ='End Sem'!N14 -> 0 | M13: =L13*0.3 -> 0 | N13: =SUM(I13,J13,M13) -> 10
A14: Sri Sai Senthil | B14: 500119804 | C14: sri.119804@stu.upes.ac.in | D14: ='Assignment 1'!AG15 -> 0 | E14: ='Class Test 1'!O15 -> 34 | F14: ='Assignment 2'!AG15 -> 0 | G14: ='Class Test 2'!N15 -> 0 | H14: =SUM(D14:G14) -> 34 | I14: =H14/2 -> 17 | J14: =K14/5 -> 0 | K14: ='Mid Sem'!N15 -> 0 | L14: ='End Sem'!N15 -> 0 | M14: =L14*0.3 -> 0 | N14: =SUM(I14,J14,M14) -> 17
A15: Swasti Mathur | B15: 500124975 | C15: swasti.124975@stu.upes.ac.in | D15: ='Assignment 1'!AG16 -> 0 | E15: ='Class Test 1'!O16 -> 38 | F15: ='Assignment 2'!AG16 -> 0 | G15: ='Class Test 2'!N16 -> 0 | H15: =SUM(D15:G15) -> 38 | I15: =H15/2 -> 19 | J15: =K15/5 -> 0 | K15: ='Mid Sem'!N16 -> 0 | L15: ='End Sem'!N16 -> 0 | M15: =L15*0.3 -> 0 | N15: =SUM(I15,J15,M15) -> 19
A16: Tasmai Gaurang Tamboli | B16: 500123688 | C16: tasmai.123688@stu.upes.ac.in | D16: ='Assignment 1'!AG17 -> 0 | E16: ='Class Test 1'!O17 -> 38 | F16: ='Assignment 2'!AG17 -> 0 | G16: ='Class Test 2'!N17 -> 0 | H16: =SUM(D16:G16) -> 38 | I16: =H16/2 -> 19 | J16: =K16/5 -> 0 | K16: ='Mid Sem'!N17 -> 0 | L16: ='End Sem'!N17 -> 0 | M16: =L16*0.3 -> 0 | N16: =SUM(I16,J16,M16) -> 19
... A18: Vikas Kumar | B18: 500126731 | C18: vikas.126731@stu.upes.ac.in | D18: ='Assignment 1'!AG19 -> 0 | E18: ='Class Test 1'!O19 -> 0 | F18: ='Assignment 2'!AG19 -> 0 | G18: ='Class Test 2'!N19 -> 0 | H18: =SUM(D18:G18) -> 0 | I18: =H18/2 -> 0 | J18: =K18/5 -> 0 | K18: ='Mid Sem'!N19 -> 0 | L18: ='End Sem'!N19 -> 0 | M18: =L18*0.3 -> 0 | N18: =SUM(I18,J18,M18) -> 0
C21: Max | D21: =MAX(D5:D16) -> 0 | E21: =MAX(E5:E16) -> 40 | F21: =MAX(F5:F16) -> 0 | G21: =MAX(G5:G16) -> 0 | H21: =MAX(H5:H16) -> 40 | I21: =MAX(I5:I16) -> 20 | J21: =MAX(J5:J16) -> 0 | K21: =MAX(K5:K16) -> 0 | ... N21: =MAX(N5:N16) -> 20
C22: Min | D22: =_xlfn.MINIFS(D5:D16,D5:D16, ">0") -> 0 | E22: =_xlfn.MINIFS(E5:E16,E5:E16, ">0") -> 20 | F22: =_xlfn.MINIFS(F5:F16,F5:F16, ">0") -> 0 | G22: =_xlfn.MINIFS(G5:G16,G5:G16, ">0") -> 0 | H22: =_xlfn.MINIFS(H5:H16,H5:H16, ">0") -> 20 | I22: =_xlfn.MINIFS(I5:I16,I5:I16, ">0") -> 10 | J22: =_xlfn.MINIFS(J5:J16,J5:J16, ">0") -> 0 | K22: =_xlfn.MINIFS(K5:K16,K5:K16, ">0") -> 0 | ... N22: =_xlfn.MINIFS(N5:N16,N5:N16, ">0") -> 10
C23: Median | D23: =MEDIAN(D5:D16) -> 0 | E23: =MEDIAN(E5:E16) -> 33 | F23: =MEDIAN(F5:F16) -> 0 | G23: =MEDIAN(G5:G16) -> 0 | H23: =MEDIAN(H5:H16) -> 33 | I23: =MEDIAN(I5:I16) -> 16.5 | J23: =MEDIAN(J5:J16) -> 0 | K23: =MEDIAN(K5:K16) -> 0 | ... N23: =MEDIAN(N5:N16) -> 16.5

Sheet Class Test 1
A1: Class Test 1
A2: =Marksheet!A2 -> Planetary Science (PHYS8098P)
C3: CO2 | D3: CO2 | E3: CO1 | F3: CO2 | G3: CO1 | H3: CO2 | I3: CO1 | J3: CO1 | K3: CO1 | L3: CO2
A4: Student Id | B4: Name | C4: Q1 | D4: Q2 | E4: Q3 | F4: Q4 | G4: Q5 | H4: Q6 | I4: Q7 | J4: Q8 | K4: Q9 | L4: Q10 | M4: Q11 | O4: Total | P4: Sign | S4: CO1 | T4: CO2 | U4: CO3 | V4: CO4 | W4: Total
B5: Max Marks | C5: 3 | D5: 3 | E5: 3 | F5: 3 | G5: 3 | H5: 5 | I5: 5 | J5: 5 | K5: 5 | L5: 5 | O5: =SUM(C5:L5) -> 40 | S5: =SUMIF($C$3:$M$3,S$4,$C5:$M5) -> 21 | T5: =SUMIF($C$3:$M$3,T$4,$C5:$M5) -> 19 | U5: =SUMIF($C$3:$M$3,U$4,$C5:$M5) -> 0 | V5: =SUMIF($C$3:$M$3,V$4,$C5:$M5) -> 0 | W5: =SUM(S5:V5) -> 40
A6: =Marksheet!B5 -> 500122885 | B6: =Marksheet!A5 -> Aniket Nishant Prakash | C6: 3 | D6: 3 | E6: 3 | F6: 3 | G6: 3 | H6: 5 | I6: 5 | J6: 5 | K6: 5 | L6: 5 | O6: =SUM(C6:L6) -> 40 | S6: =SUMIF($C$3:$M$3,S$4,$C6:$M6) -> 21 | T6: =SUMIF($C$3:$M$3,T$4,$C6:$M6) -> 19 | U6: =SUMIF($C$3:$M$3,U$4,$C6:$M6) -> 0 | V6: =SUMIF($C$3:$M$3,V$4,$C6:$M6) -> 0 | W6: =SUM(S6:V6) -> 40
A7: =Marksheet!B6 -> 500125854 | B7: =Marksheet!A6 -> Ashish Panwar | C7: 3 | D7: 3 | E7: 3 | F7: 3 | G7: 3 | H7: 5 | I7: 4 | J7: 5 | K7: 4 | L7: 5 | O7: =SUM(C7:L7) -> 38 | S7: =SUMIF($C$3:$M$3,S$4,$C7:$M7) -> 19 | T7: =SUMIF($C$3:$M$3,T$4,$C7:$M7) -> 19 | U7: =SUMIF($C$3:$M$3,U$4,$C7:$M7) -> 0 | V7: =SUMIF($C$3:$M$3,V$4,$C7:$M7) -> 0 | W7: =SUM(S7:V7) -> 38
A8: =Marksheet!B7 -> 500125723 | B8: =Marksheet!A7 -> DEBJIT ADHIKARI | O8: =SUM(C8:L8) -> 0 | S8: =SUMIF($C$3:$M$3,S$4,$C8:$M8) -> 0 | T8: =SUMIF($C$3:$M$3,T$4,$C8:$M8) -> 0 | U8: =SUMIF($C$3:$M$3,U$4,$C8:$M8) -> 0 | V8: =SUMIF($C$3:$M$3,V$4,$C8:$M8) -> 0 | W8: =SUM(S8:V8) -> 0
A9: =Marksheet!B8 -> 500117726 | B9: =Marksheet!A8 -> Kalpita Saini | C9: 3 | D9: 3 | E9: 3 | F9: 3 | G9: 0 | H9: 5 | I9: 4 | J9: 5 | K9: 5 | L9: 1 | O9: =SUM(C9:L9) -> 32 | S9: =SUMIF($C$3:$M$3,S$4,$C9:$M9) -> 17 | T9: =SUMIF($C$3:$M$3,T$4,$C9:$M9) -> 15 | U9: =SUMIF($C$3:$M$3,U$4,$C9:$M9) -> 0 | V9: =SUMIF($C$3:$M$3,V$4,$C9:$M9) -> 0 | W9: =SUM(S9:V9) -> 32
A10: =Marksheet!B9 -> 500125422 | B10: =Marksheet!A9 -> Prakhar Mishra | O10: =SUM(C10:L10) -> 0 | S10: =SUMIF($C$3:$M$3,S$4,$C10:$M10) -> 0 | T10: =SUMIF($C$3:$M$3,T$4,$C10:$M10) -> 0 | U10: =SUMIF($C$3:$M$3,U$4,$C10:$M10) -> 0 | V10: =SUMIF($C$3:$M$3,V$4,$C10:$M10) -> 0 | W10: =SUM(S10:V10) -> 0
A11: =Marksheet!B10 -> 500118526 | B11: =Marksheet!A10 -> Prayag S Krishnan | C11: 3 | D11: 3 | E11: 3 | F11: 3 | G11: 0 | H11: 0 | I11: 2 | J11: 1 | K11: 5 | L11: 5 | O11: =SUM(C11:L11) -> 25 | S11: =SUMIF($C$3:$M$3,S$4,$C11:$M11) -> 11 | T11: =SUMIF($C$3:$M$3,T$4,$C11:$M11) -> 14 | U11: =SUMIF($C$3:$M$3,U$4,$C11:$M11) -> 0 | V11: =SUMIF($C$3:$M$3,V$4,$C11:$M11) -> 0 | W11: =SUM(S11:V11) -> 25
A12: =Marksheet!B11 -> 500123761 | B12: =Marksheet!A11 -> Satyansh Srivastava | O12: =SUM(C12:L12) -> 0 | S12: =SUMIF($C$3:$M$3,S$4,$C12:$M12) -> 0 | T12: =SUMIF($C$3:$M$3,T$4,$C12:$M12) -> 0 | U12: =SUMIF($C$3:$M$3,U$4,$C12:$M12) -> 0 | V12: =SUMIF($C$3:$M$3,V$4,$C12:$M12) -> 0 | W12: =SUM(S12:V12) -> 0
A13: =Marksheet!B12 -> 500124014 | B13: =Marksheet!A12 -> Shagun Thakur | C13: 3 | D13: 3 | E13: 3 | F13: 3 | G13: 3 | H13: 3 | I13: 5 | J13: 4 | K13: 5 | L13: 3 | O13: =SUM(C13:L13) -> 35 | S13: =SUMIF($C$3:$M$3,S$4,$C13:$M13) -> 20 | T13: =SUMIF($C$3:$M$3,T$4,$C13:$M13) -> 15 | U13: =SUMIF($C$3:$M$3,U$4,$C13:$M13) -> 0 | V13: =SUMIF($C$3:$M$3,V$4,$C13:$M13) -> 0 | W13: =SUM(S13:V13) -> 35
A14: =Marksheet!B13 -> 500122098 | B14: =Marksheet!A13 -> Shubhankar Bhardwaj | C14: 3 | D14: 3 | E14: 3 | F14: 0 | G14: 3 | H14: 0 | I14: 2 | J14: 3 | K14: 2 | L14: 1 | O14: =SUM(C14:L14) -> 20 | S14: =SUMIF($C$3:$M$3,S$4,$C14:$M14) -> 13 | T14: =SUMIF($C$3:$M$3,T$4,$C14:$M14) -> 7 | U14: =SUMIF($C$3:$M$3,U$4,$C14:$M14) -> 0 | V14: =SUMIF($C$3:$M$3,V$4,$C14:$M14) -> 0 | W14: =SUM(S14:V14) -> 20
A15: =Marksheet!B14 -> 500119804 | B15: =Marksheet!A14 -> Sri Sai Senthil | C15: 3 | D15: 3 | E15: 3 | F15: 3 | G15: 3 | H15: 5 | J15: 5 | K15: 5 | L15: 4 | O15: =SUM(C15:L15) -> 34 | S15: =SUMIF($C$3:$M$3,S$4,$C15:$M15) -> 16 | T15: =SUMIF($C$3:$M$3,T$4,$C15:$M15) -> 18 | U15: =SUMIF($C$3:$M$3,U$4,$C15:$M15) -> 0 | V15: =SUMIF($C$3:$M$3,V$4,$C15:$M15) -> 0 | W15: =SUM(S15:V15) -> 34
A16: =Marksheet!B15 -> 500124975 | B16: =Marksheet!A15 -> Swasti Mathur | C16: 3 | D16: 3 | E16: 3 | F16: 3 | G16: 3 | H16: 5 | I16: 3 | J16: 5 | K16: 5 | L16: 5 | O16: =SUM(C16:L16) -> 38 | S16: =SUMIF($C$3:$M$3,S$4,$C16:$M16) -> 19 | T16: =SUMIF($C$3:$M$3,T$4,$C16:$M16) -> 19 | U16: =SUMIF($C$3:$M$3,U$4,$C16:$M16) -> 0 | V16: =SUMIF($C$3:$M$3,V$4,$C16:$M16) -> 0 | W16: =SUM(S16:V16) -> 38
A17: =Marksheet!B16 -> 500123688 | B17: =Marksheet!A16 -> Tasmai Gaurang Tamboli | C17: 3 | D17: 3 | E17: 3 | F17: 3 | G17: 3 | H17: 5 | I17: 5 | J17: 4 | K17: 5 | L17: 4 | O17: =SUM(C17:L17) -> 38 | S17: =SUMIF($C$3:$M$3,S$4,$C17:$M17) -> 20 | T17: =SUMIF($C$3:$M$3,T$4,$C17:$M17) -> 18 | U17: =SUMIF($C$3:$M$3,U$4,$C17:$M17) -> 0 | V17: =SUMIF($C$3:$M$3,V$4,$C17:$M17) -> 0 | W17: =SUM(S17:V17) -> 38
A18: =Marksheet!B17 -> 500125725 | B18: =Marksheet!A17 -> Tigmanshu Ghanshala | C18: 3 | D18: 3 | E18: 3 | F18: 3 | G18: 3 | J18: 5 | L18: 3 | O18: =SUM(C18:L18) -> 23 | S18: =SUMIF($C$3:$M$3,S$4,$C18:$M18) -> 11 | T18: =SUMIF($C$3:$M$3,T$4,$C18:$M18) -> 12 | U18: =SUMIF($C$3:$M$3,U$4,$C18:$M18) -> 0 | V18: =SUMIF($C$3:$M$3,V$4,$C18:$M18) -> 0 | W18: =SUM(S18:V18) -> 23
A19: =Marksheet!B18 -> 500126731 | B19: =Marksheet!A18 -> Vikas Kumar | O19: =SUM(C19:L19) -> 0 | S19: =SUMIF($C$3:$M$3,S$4,$C19:$M19) -> 0 | T19: =SUMIF($C$3:$M$3,T$4,$C19:$M19) -> 0 | U19: =SUMIF($C$3:$M$3,U$4,$C19:$M19) -> 0 | V19: =SUMIF($C$3:$M$3,V$4,$C19:$M19) -> 0 | W19: =SUM(S19:V19) -> 0
S20: =SUMIF($C$3:$M$3,S$4,$C20:$M20) -> 0 | T20: =SUMIF($C$3:$M$3,T$4,$C20:$M20) -> 0 | U20: =SUMIF($C$3:$M$3,U$4,$C20:$M20) -> 0 | V20: =SUMIF($C$3:$M$3,V$4,$C20:$M20) -> 0 | W20: =SUM(S20:V20) -> 0
S21: =SUMIF($C$3:$M$3,S$4,$C21:$M21) -> 0 | T21: =SUMIF($C$3:$M$3,T$4,$C21:$M21) -> 0 | U21: =SUMIF($C$3:$M$3,U$4,$C21:$M21) -> 0 | V21: =SUMIF($C$3:$M$3,V$4,$C21:$M21) -> 0 | W21: =SUM(S21:V21) -> 0

Sheet Assignment 1
A1: Assignment 1
A2: =Marksheet!A2 -> Planetary Science (PHYS8098P)
C3: CO1 | D3: CO1 | E3: CO1 | F3: CO1 | G3: CO1 | H3: CO1 | I3: CO1 | J3: CO1 | K3: CO1 | L3: CO1
A4: Student Id | B4: Name | C4: Q1 | D4: Q2 | E4: Q3 | F4: Q4 | G4: Q5 | H4: Q6 | I4: Q7 | J4: Q8 | K4: Q9 | L4: Q10 | AG4: Total | AH4: Sign | AK4: CO1 | AL4: CO2 | AM4: CO3 | AN4: CO4 | AO4: Total
B5: Max Marks | C5: 2 | D5: 2 | E5: 2 | F5: 2 | G5: 2 | H5: 2 | I5: 2 | J5: 2 | K5: 2 | L5: 2 | AG5: =SUM(C5:AF5) -> 20 | AK5: =SUMIF($C$3:$M$3,AK$4,$C5:$M5) -> 20 | AL5: =SUMIF($C$3:$M$3,AL$4,$C5:$M5) -> 0 | AM5: =SUMIF($C$3:$M$3,AM$4,$C5:$M5) -> 0 | AN5: =SUMIF($C$3:$M$3,AN$4,$C5:$M5) -> 0 | AO5: =SUM(AK5:AL5) -> 20
A6: ='Mid Sem'!B6 -> 500122885 | B6: =Marksheet!A5 -> Aniket Nishant Prakash | AG6: =SUM(C6:AF6) -> 0 | AK6: =SUM(C6:R6) -> 0 | AL6: =SUM(S6:AF6) -> 0 | AO6: =SUM(AK6:AL6) -> 0
A7: ='Mid Sem'!B7 -> 500125854 | B7: =Marksheet!A6 -> Ashish Panwar | AG7: =SUM(C7:AF7) -> 0 | AK7: =SUM(C7:R7) -> 0 | AL7: =SUM(S7:AF7) -> 0 | AO7: =SUM(AK7:AL7) -> 0
A8: ='Mid Sem'!B8 -> 500125723 | B8: =Marksheet!A7 -> DEBJIT ADHIKARI | AG8: =SUM(C8:AF8) -> 0 | AK8: =SUM(C8:R8) -> 0 | AL8: =SUM(S8:AF8) -> 0 | AO8: =SUM(AK8:AL8) -> 0
A9: ='Mid Sem'!B9 -> 500117726 | B9: =Marksheet!A8 -> Kalpita Saini | AG9: =SUM(C9:AF9) -> 0 | AK9: =SUM(C9:R9) -> 0 | AL9: =SUM(S9:AF9) -> 0 | AO9: =SUM(AK9:AL9) -> 0
A10: ='Mid Sem'!B10 -> 500125422 | B10: =Marksheet!A9 -> Prakhar Mishra | AG10: =SUM(C10:AF10) -> 0 | AK10: =SUM(C10:R10) -> 0 | AL10: =SUM(S10:AF10) -> 0 | AO10: =SUM(AK10:AL10) -> 0
A11: ='Mid Sem'!B11 -> 500118526 | B11: =Marksheet!A10 -> Prayag S Krishnan | AG11: =SUM(C11:AF11) -> 0 | AK11: =SUM(C11:R11) -> 0 | AL11: =SUM(S11:AF11) -> 0 | AO11: =SUM(AK11:AL11) -> 0
A12: ='Mid Sem'!B12 -> 500123761 | B12: =Marksheet!A11 -> Satyansh Srivastava | AG12: =SUM(C12:AF12) -> 0 | AK12: =SUM(C12:R12) -> 0 | AL12: =SUM(S12:AF12) -> 0 | AO12: =SUM(AK12:AL12) -> 0
A13: ='Mid Sem'!B13 -> 500124014 | B13: =Marksheet!A12 -> Shagun Thakur | AG13: =SUM(C13:AF13) -> 0 | AK13: =SUM(C13:R13) -> 0 | AL13: =SUM(S13:AF13) -> 0 | AO13: =SUM(AK13:AL13) -> 0
A14: ='Mid Sem'!B14 -> 500122098 | B14: =Marksheet!A13 -> Shubhankar Bhardwaj | AG14: =SUM(C14:AF14) -> 0 | AK14: =SUM(C14:R14) -> 0 | AL14: =SUM(S14:AF14) -> 0 | AO14: =SUM(AK14:AL14) -> 0
A15: ='Mid Sem'!B15 -> 500119804 | B15: =Marksheet!A14 -> Sri Sai Senthil | AG15: =SUM(C15:AF15) -> 0 | AK15: =SUM(C15:R15) -> 0 | AL15: =SUM(S15:AF15) -> 0 | AO15: =SUM(AK15:AL15) -> 0
A16: ='Mid Sem'!B16 -> 500124975 | B16: =Marksheet!A15 -> Swasti Mathur | AG16: =SUM(C16:AF16) -> 0 | AK16: =SUM(C16:R16) -> 0 | AL16: =SUM(S16:AF16) -> 0 | AO16: =SUM(AK16:AL16) -> 0
A17: ='Mid Sem'!B17 -> 500123688 | B17: =Marksheet!A16 -> Tasmai Gaurang Tamboli | AG17: =SUM(C17:AF17) -> 0 | AK17: =SUM(C17:R17) -> 0 | AL17: =SUM(S17:AF17) -> 0 | AO17: =SUM(AK17:AL17) -> 0
A18: ='Mid Sem'!B18 -> 500125725 | B18: =Marksheet!A17 -> Tigmanshu Ghanshala | AG18: =SUM(C18:AF18) -> 0
A19: ='Mid Sem'!B19 -> 500126731 | B19: =Marksheet!A18 -> Vikas Kumar

Sheet Assignment 2
A1: Assignment 2
A2: =Marksheet!A2 -> Planetary Science (PHYS8098P)
C3: CO1 | D3: CO1 | E3: CO1 | F3: CO4 | G3: CO4 | H3: CO1 | I3: CO1 | J3: CO3 | K3: CO1 | L3: CO1 | M3: CO3 | N3: CO2 | O3: CO2 | P3: CO2 | Q3: CO2 | R3: CO2 | S3: CO2 | T3: CO3 | U3: CO4 | V3: CO2 | W3: CO3 | X3: CO4 | Y3: CO2 | Z3: CO2 | AA3: CO3 | AB3: CO2 | AC3: CO4 | AD3: CO2 | AE3: CO4 | AF3: CO2
A4: Student Id | B4: Name | C4: Q1 | D4: Q2 | E4: Q3 | F4: Q4 | G4: Q5 | H4: Q6 | I4: Q7 | J4: Q8 | K4: Q9 | L4: Q10 | AG4: Total | AH4: Sign | AK4: CO1 | AL4: CO2 | AM4: CO3 | AN4: CO4 | AO4: Total
B5: Max Marks | C5: 2 | D5: 2 | E5: 2 | F5: 2 | G5: 2 | H5: 2 | I5: 2 | J5: 2 | K5: 2 | L5: 2 | AG5: =SUM(C5:AF5) -> 20 | AK5: =SUMIF($C$3:$AF$3, "CO1", $C5:$AF5) -> 14 | AL5: =SUMIF($C$3:$AF$3, "CO2", $C5:$AF5) -> 0 | AM5: =SUMIF($C$3:$AF$3, "CO3", $C5:$AF5) -> 2 | AN5: =SUMIF($C$3:$AF$3, "CO4", $C5:$AF5) -> 4 | AO5: =SUM(AK5:AN5) -> 20
A6: ='Mid Sem'!B6 -> 500122885 | B6: =Marksheet!A5 -> Aniket Nishant Prakash | AG6: =SUM(C6:AF6) -> 0 | AK6: =SUMIF($C$3:$AF$3, "CO1", $C6:$AF6) -> 0 | AL6: =SUMIF($C$3:$AF$3, "CO2", $C6:$AF6) -> 0 | AM6: =SUMIF($C$3:$AF$3, "CO3", $C6:$AF6) -> 0 | AN6: =SUMIF($C$3:$AF$3, "CO4", $C6:$AF6) -> 0 | AO6: =SUM(AK6:AN6) -> 0
A7: ='Mid Sem'!B7 -> 500125854 | B7: =Marksheet!A6 -> Ashish Panwar | AG7: =SUM(C7:AF7) -> 0 | AK7: =SUMIF($C$3:$AF$3, "CO1", $C7:$AF7) -> 0 | AL7: =SUMIF($C$3:$AF$3, "CO2", $C7:$AF7) -> 0 | AM7: =SUMIF($C$3:$AF$3, "CO3", $C7:$AF7) -> 0 | AN7: =SUMIF($C$3:$AF$3, "CO4", $C7:$AF7) -> 0 | AO7: =SUM(AK7:AN7) -> 0
A8: ='Mid Sem'!B8 -> 500125723 | B8: =Marksheet!A7 -> DEBJIT ADHIKARI | AK8: =SUMIF($C$3:$AF$3, "CO1", $C8:$AF8) -> 0 | AL8: =SUMIF($C$3:$AF$3, "CO2", $C8:$AF8) -> 0 | AM8: =SUMIF($C$3:$AF$3, "CO3", $C8:$AF8) -> 0 | AN8: =SUMIF($C$3:$AF$3, "CO4", $C8:$AF8) -> 0 | AO8: =SUM(AK8:AN8) -> 0
A9: ='Mid Sem'!B9 -> 500117726 | B9: =Marksheet!A8 -> Kalpita Saini | AG9: =SUM(C9:AF9) -> 0 | AK9: =SUMIF($C$3:$AF$3, "CO1", $C9:$AF9) -> 0 | AL9: =SUMIF($C$3:$AF$3, "CO2", $C9:$AF9) -> 0 | AM9: =SUMIF($C$3:$AF$3, "CO3", $C9:$AF9) -> 0 | AN9: =SUMIF($C$3:$AF$3, "CO4", $C9:$AF9) -> 0 | AO9: =SUM(AK9:AN9) -> 0
A10: ='Mid Sem'!B10 -> 500125422 | B10: =Marksheet!A9 -> Prakhar Mishra | AG10: =SUM(C10:AF10) -> 0 | AK10: =SUMIF($C$3:$AF$3, "CO1", $C10:$AF10) -> 0 | AL10: =SUMIF($C$3:$AF$3, "CO2", $C10:$AF10) -> 0 | AM10: =SUMIF($C$3:$AF$3, "CO3", $C10:$AF10) -> 0 | AN10: =SUMIF($C$3:$AF$3, "CO4", $C10:$AF10) -> 0 | AO10: =SUM(AK10:AN10) -> 0
A11: ='Mid Sem'!B11 -> 500118526 | B11: =Marksheet!A10 -> Prayag S Krishnan | AG11: =SUM(C11:AF11) -> 0 | AK11: =SUMIF($C$3:$AF$3, "CO1", $C11:$AF11) -> 0 | AL11: =SUMIF($C$3:$AF$3, "CO2", $C11:$AF11) -> 0 | AM11: =SUMIF($C$3:$AF$3, "CO3", $C11:$AF11) -> 0 | AN11: =SUMIF($C$3:$AF$3, "CO4", $C11:$AF11) -> 0 | AO11: =SUM(AK11:AN11) -> 0
AG12: =SUM(C12:AF12) -> 0 | AK12: =SUMIF($C$3:$AF$3, "CO1", $C12:$AF12) -> 0 | AL12: =SUMIF($C$3:$AF$3, "CO2", $C12:$AF12) -> 0 | AM12: =SUMIF($C$3:$AF$3, "CO3", $C12:$AF12) -> 0 | AN12: =SUMIF($C$3:$AF$3, "CO4", $C12:$AF12) -> 0 | AO12: =SUM(AK12:AN12) -> 0
AG13: =SUM(C13:AF13) -> 0 | AK13: =SUMIF($C$3:$AF$3, "CO1", $C13:$AF13) -> 0 | AL13: =SUMIF($C$3:$AF$3, "CO2", $C13:$AF13) -> 0 | AM13: =SUMIF($C$3:$AF$3, "CO3", $C13:$AF13) -> 0 | AN13: =SUMIF($C$3:$AF$3, "CO4", $C13:$AF13) -> 0 | AO13: =SUM(AK13:AN13) -> 0
AG14: =SUM(C14:AF14) -> 0 | AK14: =SUMIF($C$3:$AF$3, "CO1", $C14:$AF14) -> 0 | AL14: =SUMIF($C$3:$AF$3, "CO2", $C14:$AF14) -> 0 | AM14: =SUMIF($C$3:$AF$3, "CO3", $C14:$AF14) -> 0 | AN14: =SUMIF($C$3:$AF$3, "CO4", $C14:$AF14) -> 0 | AO14: =SUM(AK14:AN14) -> 0
AG15: =SUM(C15:AF15) -> 0 | AK15: =SUMIF($C$3:$AF$3, "CO1", $C15:$AF15) -> 0 | AL15: =SUMIF($C$3:$AF$3, "CO2", $C15:$AF15) -> 0 | AM15: =SUMIF($C$3:$AF$3, "CO3", $C15:$AF15) -> 0 | AN15: =SUMIF($C$3:$AF$3, "CO4", $C15:$AF15) -> 0 | AO15: =SUM(AK15:AN15) -> 0
AG16: 0 | AK16: =SUMIF($C$3:$AF$3, "CO1", $C16:$AF16) -> 0 | AL16: =SUMIF($C$3:$AF$3, "CO2", $C16:$AF16) -> 0 | AM16: =SUMIF($C$3:$AF$3, "CO3", $C16:$AF16) -> 0 | AN16: =SUMIF($C$3:$AF$3, "CO4", $C16:$AF16) -> 0 | AO16: =SUM(AK16:AN16) -> 0
AG17: =SUM(C17:AF17) -> 0 | AK17: =SUMIF($C$3:$AF$3, "CO1", $C17:$AF17) -> 0 | AL17: =SUMIF($C$3:$AF$3, "CO2", $C17:$AF17) -> 0 | AM17: =SUMIF($C$3:$AF$3, "CO3", $C17:$AF17) -> 0 | AN17: =SUMIF($C$3:$AF$3, "CO4", $C17:$AF17) -> 0 | AO17: =SUM(AK17:AN17) -> 0
AG18: =SUM(C18:AF18) -> 0

Sheet Mid Sem
A1: Mid Sem Examination
A2: =Marksheet!A2 -> Planetary Science (PHYS8098P)
C3: CO1 | D3: CO2 | E3: CO1 | F3: CO2 | G3: CO4 | H3: CO2 | I3: CO4 | J3: CO2 | K3: CO3/CO4
A4: Name | B4: Student ID | C4: Q1 | D4: Q2 | E4: Q3 | F4: Q4 | G4: Q5 | H4: Q6 | I4: Q7 | J4: Q8 | K4: Q9 | L4: Q10 | M4: Q11 | N4: Total | O4: Sign | R4: CO1 | S4: CO2 | T4: CO3 | U4: CO4 | V4: Total
B5: Max Marks | C5: 6 | D5: 6 | E5: 6 | F5: 6 | G5: 6 | H5: 15 | I5: 15 | J5: 15 | K5: 25 | N5: =SUM(C5:K5) -> 100 | R5: =SUM(C5,E5) -> 12 | S5: =SUM(D5,F5,H5,J5) -> 42 | T5: =SUM(K5)*3/5 -> 15 | U5: =G5 + I5 + K5*2/5 -> 31 | V5: =SUM(R5:U5) -> 100
A6: =Marksheet!A5 -> Aniket Nishant Prakash | B6: =Marksheet!B5 -> 500122885 | N6: =SUM(C6:K6) -> 0 | R6: =SUM(C6,E6) -> 0 | S6: =SUM(D6,F6,H6,J6) -> 0 | T6: =SUM(K6)*3/5 -> 0 | U6: =G6 + I6 + K6*2/5 -> 0 | V6: =SUM(R6:U6) -> 0
A7: =Marksheet!A6 -> Ashish Panwar | B7: =Marksheet!B6 -> 500125854 | N7: =SUM(C7:H7) -> 0 | R7: =SUM(C7,E7) -> 0 | S7: =SUM(D7,F7,H7,J7) -> 0 | T7: =SUM(K7)*3/5 -> 0 | U7: =G7 + I7 + K7*2/5 -> 0 | V7: =SUM(R7:U7) -> 0
A8: =Marksheet!A7 -> DEBJIT ADHIKARI | B8: =Marksheet!B7 -> 500125723 | N8: =SUM(C8:K8) -> 0 | R8: =SUM(C8,E8) -> 0 | S8: =SUM(D8,F8,H8,J8) -> 0 | T8: =SUM(K8)*3/5 -> 0 | U8: =G8 + I8 + K8*2/5 -> 0 | V8: =SUM(R8:U8) -> 0
A9: =Marksheet!A8 -> Kalpita Saini | B9: =Marksheet!B8 -> 500117726 | N9: =SUM(C9:K9) -> 0 | R9: =SUM(C9,E9) -> 0 | S9: =SUM(D9,F9,H9,J9) -> 0 | T9: =SUM(K9)*3/5 -> 0 | U9: =G9 + I9 + K9*2/5 -> 0 | V9: =SUM(R9:U9) -> 0
A10: =Marksheet!A9 -> Prakhar Mishra | B10: =Marksheet!B9 -> 500125422 | N10: =SUM(C10:K10) -> 0 | R10: =SUM(C10,E10) -> 0 | S10: =SUM(D10,F10,H10,J10) -> 0 | T10: =SUM(K10)*3/5 -> 0 | U10: =G10 + I10 + K10*2/5 -> 0 | V10: =SUM(R10:U10) -> 0
A11: =Marksheet!A10 -> Prayag S Krishnan | B11: =Marksheet!B10 -> 500118526 | N11: =SUM(C11:K11) -> 0 | R11: =SUM(C11,E11) -> 0 | S11: =SUM(D11,F11,H11,J11) -> 0 | T11: =SUM(K11)*3/5 -> 0 | U11: =G11 + I11 + K11*2/5 -> 0 | V11: =SUM(R11:U11) -> 0
A12: =Marksheet!A11 -> Satyansh Srivastava | B12: =Marksheet!B11 -> 500123761 | N12: =SUM(C12:J12) -> 0 | R12: =SUM(C12,E12) -> 0 | S12: =SUM(D12,F12,H12,J12) -> 0 | T12: =SUM(K12)*3/5 -> 0 | U12: =G12 + I12 + K12*2/5 -> 0 | V12: =SUM(R12:U12) -> 0
A13: =Marksheet!A12 -> Shagun Thakur | B13: =Marksheet!B12 -> 500124014 | N13: =SUM(C13:K13) -> 0 | R13: =SUM(C13,E13) -> 0 | S13: =SUM(D13,F13,H13,J13) -> 0 | T13: =SUM(K13)*3/5 -> 0 | U13: =G13 + I13 + K13*2/5 -> 0 | V13: =SUM(R13:U13) -> 0
A14: =Marksheet!A13 -> Shubhankar Bhardwaj | B14: =Marksheet!B13 -> 500122098 | N14: =SUM(C14:K14) -> 0 | R14: =SUM(C14,E14) -> 0 | S14: =SUM(D14,F14,H14,J14) -> 0 | T14: =SUM(K14)*3/5 -> 0 | U14: =G14 + I14 + K14*2/5 -> 0 | V14: =SUM(R14:U14) -> 0
A15: =Marksheet!A14 -> Sri Sai Senthil | B15: =Marksheet!B14 -> 500119804 | N15: =SUM(C15:K15) -> 0 | R15: =SUM(C15,E15) -> 0 | S15: =SUM(D15,F15,H15,J15) -> 0 | T15: =SUM(K15)*3/5 -> 0 | U15: =G15 + I15 + K15*2/5 -> 0 | V15: =SUM(R15:U15) -> 0
A16: =Marksheet!A15 -> Swasti Mathur | B16: =Marksheet!B15 -> 500124975 | N16: =SUM(C16:K16) -> 0 | R16: =SUM(C16,E16) -> 0 | S16: =SUM(D16,F16,H16,J16) -> 0 | T16: =SUM(K16)*3/5 -> 0 | U16: =G16 + I16 + K16*2/5 -> 0 | V16: =SUM(R16:U16) -> 0
A17: =Marksheet!A16 -> Tasmai Gaurang Tamboli | B17: =Marksheet!B16 -> 500123688 | N17: =SUM(C17:K17) -> 0 | R17: =SUM(C17,E17) -> 0 | S17: =SUM(D17,F17,H17,J17) -> 0 | T17: =SUM(K17)*3/5 -> 0 | U17: =G17 + I17 + K17*2/5 -> 0 | V17: =SUM(R17:U17) -> 0
A18: =Marksheet!A17 -> Tigmanshu Ghanshala | B18: =Marksheet!B17 -> 500125725 | N18: =SUM(C18:H18) -> 0 | R18: =SUM(C18,E18) -> 0 | S18: =SUM(D18,F18,H18,J18) -> 0 | T18: =SUM(K18)*3/5 -> 0 | U18: =G18 + I18 + K18*2/5 -> 0 | V18: =SUM(R18:U18) -> 0
A19: =Marksheet!A18 -> Vikas Kumar | B19: =Marksheet!B18 -> 500126731 | N19: =SUM(C19:H19) -> 0 | R19: =SUM(C19,E19) -> 0 | S19: =SUM(D19,F19,H19,J19) -> 0 | T19: =SUM(K19)*3/5 -> 0 | U19: =G19 + I19 + K19*2/5 -> 0 | V19: =SUM(R19:U19) -> 0
N20: =SUM(C20:H20) -> 0 | R20: =SUM(C20,E20) -> 0 | S20: =SUM(D20,F20,H20,J20) -> 0 | T20: =SUM(K20)*3/5 -> 0 | U20: =G20 + I20 + K20*2/5 -> 0 | V20: =SUM(R20:U20) -> 0
N21: =SUM(C21:H21) -> 0 | R21: =SUM(C21,E21) -> 0 | S21: =SUM(D21,F21,H21,J21) -> 0 | T21: =SUM(K21)*3/5 -> 0 | U21: =G21 + I21 + K21*2/5 -> 0 | V21: =SUM(R21:U21) -> 0

Sheet Class Test 2
A1: Class Test 2
A2: =Marksheet!A2 -> Planetary Science (PHYS8098P)
C3: CO2 | D3: CO3 | E3: CO3 | F3: CO4 | G3: CO4 | H3: CO2 | I3: CO3 | J3: CO3 | K3: CO4 | L3: CO4
A4: Student Id | B4: Name | C4: Q1 | D4: Q2 | E4: Q3 | F4: Q4 | G4: Q5 | H4: Q6 | I4: Q7 | J4: Q8 | K4: Q9 | L4: Q10 | N4: Total | O4: Sign | R4: CO1 | S4: CO2 | T4: CO3 | U4: CO4 | V4: Total
B5: Max Marks | C5: 2 | D5: 2 | E5: 2 | F5: 2 | G5: 2 | H5: 4 | I5: 4 | J5: 4 | K5: 4 | L5: 4 | N5: =SUM(C5:L5) -> 30 | R5: 0 | S5: =SUM(C5,H5) -> 6 | T5: =SUM(D5,E5,I5,J5) -> 12 | U5: =SUM(K5,L5,G5,F5) -> 12 | V5: =SUM(R5:U5) -> 30
A6: =Marksheet!B5 -> 500122885 | B6: =Marksheet!A5 -> Aniket Nishant Prakash | N6: =SUM(C6:L6) -> 0 | R6: 0 | S6: =SUM(C6,H6) -> 0 | T6: =SUM(D6,E6,I6,J6) -> 0 | U6: =SUM(K6,L6,G6,F6) -> 0 | V6: =SUM(R6:U6) -> 0
A7: =Marksheet!B6 -> 500125854 | B7: =Marksheet!A6 -> Ashish Panwar | N7: =SUM(C7:L7) -> 0 | R7: 0 | S7: =SUM(C7,H7) -> 0 | T7: =SUM(D7,E7,I7,J7) -> 0 | U7: =SUM(K7,L7,G7,F7) -> 0 | V7: =SUM(R7:U7) -> 0
A8: =Marksheet!B7 -> 500125723 | B8: =Marksheet!A7 -> DEBJIT ADHIKARI | N8: =SUM(C8:L8) -> 0 | R8: 0 | S8: =SUM(C8,H8) -> 0 | T8: =SUM(D8,E8,I8,J8) -> 0 | U8: =SUM(K8,L8,G8,F8) -> 0 | V8: =SUM(R8:U8) -> 0
A9: =Marksheet!B8 -> 500117726 | B9: =Marksheet!A8 -> Kalpita Saini | N9: =SUM(C9:L9) -> 0 | R9: 0 | S9: =SUM(C9,H9) -> 0 | T9: =SUM(D9,E9,I9,J9) -> 0 | U9: =SUM(K9,L9,G9,F9) -> 0 | V9: =SUM(R9:U9) -> 0
A10: =Marksheet!B9 -> 500125422 | B10: =Marksheet!A9 -> Prakhar Mishra | N10: =SUM(C10:L10) -> 0 | R10: 0 | S10: =SUM(C10,H10) -> 0 | T10: =SUM(D10,E10,I10,J10) -> 0 | U10: =SUM(K10,L10,G10,F10) -> 0 | V10: =SUM(R10:U10) -> 0
A11: =Marksheet!B10 -> 500118526 | B11: =Marksheet!A10 -> Prayag S Krishnan | N11: =SUM(C11:L11) -> 0 | R11: 0 | S11: =SUM(C11,H11) -> 0 | T11: =SUM(D11,E11,I11,J11) -> 0 | U11: =SUM(K11,L11,G11,F11) -> 0 | V11: =SUM(R11:U11) -> 0
A12: =Marksheet!B11 -> 500123761 | B12: =Marksheet!A11 -> Satyansh Srivastava | N12: =SUM(C12:L12) -> 0 | R12: 0 | S12: =SUM(C12,H12) -> 0 | T12: =SUM(D12,E12,I12,J12) -> 0 | U12: =SUM(K12,L12,G12,F12) -> 0 | V12: =SUM(R12:U12) -> 0
A13: =Marksheet!B12 -> 500124014 | B13: =Marksheet!A12 -> Shagun Thakur | N13: =SUM(C13:L13) -> 0 | R13: 0 | S13: =SUM(C13,H13) -> 0 | T13: =SUM(D13,E13,I13,J13) -> 0 | U13: =SUM(K13,L13,G13,F13) -> 0 | V13: =SUM(R13:U13) -> 0
A14: =Marksheet!B13 -> 500122098 | B14: =Marksheet!A13 -> Shubhankar Bhardwaj | N14: =SUM(C14:L14) -> 0 | R14: 0 | S14: =SUM(C14,H14) -> 0 | T14: =SUM(D14,E14,I14,J14) -> 0 | U14: =SUM(K14,L14,G14,F14) -> 0 | V14: =SUM(R14:U14) -> 0
A15: =Marksheet!B14 -> 500119804 | B15: =Marksheet!A14 -> Sri Sai Senthil | N15: =SUM(C15:L15) -> 0 | R15: 0 | S15: =SUM(C15,H15) -> 0 | T15: =SUM(D15,E15,I15,J15) -> 0 | U15: =SUM(K15,L15,G15,F15) -> 0 | V15: =SUM(R15:U15) -> 0
A16: =Marksheet!B15 -> 500124975 | B16: =Marksheet!A15 -> Swasti Mathur | N16: =SUM(C16:L16) -> 0 | R16: 0 | S16: =SUM(C16,H16) -> 0 | T16: =SUM(D16,E16,I16,J16) -> 0 | U16: =SUM(K16,L16,G16,F16) -> 0 | V16: =SUM(R16:U16) -> 0
A17: =Marksheet!B16 -> 500123688 | B17: =Marksheet!A16 -> Tasmai Gaurang Tamboli | N17: =SUM(C17:L17) -> 0 | R17: 0 | S17: =SUM(C17,H17) -> 0 | T17: =SUM(D17,E17,I17,J17) -> 0 | U17: =SUM(K17,L17,G17,F17) -> 0 | V17: =SUM(R17:U17) -> 0
A18: =Marksheet!B17 -> 500125725 | B18: =Marksheet!A17 -> Tigmanshu Ghanshala
A19: =Marksheet!B18 -> 500126731 | B19: =Marksheet!A18 -> Vikas Kumar

Sheet End Sem
A1: End Sem Examination
A2: =Marksheet!A2 -> Planetary Science (PHYS8098P)
C3: CO1 | D3: CO2 | E3: CO3 | F3: CO1 | G3: CO2 | H3: CO1 | I3: CO3 | J3: CO3 | K3: CO4 | L3: CO3 | M3: CO4
A4: Student Id | B4: Name | C4: Q1 | D4: Q2 | E4: Q3 | F4: Q4 | G4: Q5 | H4: Q6 | I4: Q7 | J4: Q8 | K4: Q9 | L4: Q10 | M4: Q11 | N4: Total | O4: Sign | Q4: CO1 | R4: CO2 | S4: CO3 | T4: CO4 | U4: Total
B5: Max Marks | C5: 4 | D5: 4 | E5: 4 | F5: 4 | G5: 4 | H5: 10 | I5: 10 | J5: 10 | K5: 10 | L5: 20 | M5: 20 | N5: =SUM(C5:M5) -> 100 | Q5: =C5+F5+H5 -> 18 | R5: =SUM(D5,G5) -> 8 | S5: =SUM(E5,I5,J5,L5) -> 44 | T5: =SUM(M5,K5) -> 30 | U5: =SUM(Q5:T5) -> 100
A6: ='Mid Sem'!B6 -> 500122885 | B6: ='Mid Sem'!A6 -> Aniket Nishant Prakash | N6: =SUM(C6:M6) -> 0 | Q6: =C6+F6+H6 -> 0 | R6: =SUM(D6,G6) -> 0 | S6: =SUM(E6,I6,J6,L6) -> 0 | T6: =SUM(M6,K6) -> 0 | U6: =SUM(Q6:T6) -> 0
A7: ='Mid Sem'!B7 -> 500125854 | B7: ='Mid Sem'!A7 -> Ashish Panwar | N7: =SUM(C7:M7) -> 0 | Q7: =C7+F7+H7 -> 0 | R7: =SUM(D7,G7) -> 0 | S7: =SUM(E7,I7,J7,L7) -> 0 | T7: =SUM(M7,K7) -> 0 | U7: =SUM(Q7:T7) -> 0
A8: ='Mid Sem'!B8 -> 500125723 | B8: ='Mid Sem'!A8 -> DEBJIT ADHIKARI | N8: =SUM(C8:M8) -> 0 | Q8: =C8+F8+H8 -> 0 | R8: =SUM(D8,G8) -> 0 | S8: =SUM(E8,I8,J8,L8) -> 0 | T8: =SUM(M8,K8) -> 0 | U8: =SUM(Q8:T8) -> 0
A9: ='Mid Sem'!B9 -> 500117726 | B9: ='Mid Sem'!A9 -> Kalpita Saini | N9: =SUM(C9:M9) -> 0 | Q9: =C9+F9+H9 -> 0 | R9: =SUM(D9,G9) -> 0 | S9: =SUM(E9,I9,J9,L9) -> 0 | T9: =SUM(M9,K9) -> 0 | U9: =SUM(Q9:T9) -> 0
A10: ='Mid Sem'!B10 -> 500125422 | B10: ='Mid Sem'!A10 -> Prakhar Mishra | N10: =SUM(C10:M10) -> 0 | Q10: =C10+F10+H10 -> 0 | R10: =SUM(D10,G10) -> 0 | S10: =SUM(E10,I10,J10,L10) -> 0 | T10: =SUM(M10,K10) -> 0 | U10: =SUM(Q10:T10) -> 0
A11: ='Mid Sem'!B11 -> 500118526 | B11: ='Mid Sem'!A11 -> Prayag S Krishnan | N11: =SUM(C11:M11) -> 0 | Q11: =C11+F11+H11 -> 0 | R11: =SUM(D11,G11) -> 0 | S11: =SUM(E11,I11,J11,L11) -> 0 | T11: =SUM(M11,K11) -> 0 | U11: =SUM(Q11:T11) -> 0
A12: ='Mid Sem'!B12 -> 500123761 | B12: ='Mid Sem'!A12 -> Satyansh Srivastava | N12: =SUM(C12:M12) -> 0 | Q12: =C12+F12+H12 -> 0 | R12: =SUM(D12,G12) -> 0 | S12: =SUM(E12,I12,J12,L12) -> 0 | T12: =SUM(M12,K12) -> 0 | U12: =SUM(Q12:T12) -> 0
A13: ='Mid Sem'!B13 -> 500124014 | B13: ='Mid Sem'!A13 -> Shagun Thakur | N13: =SUM(C13:M13) -> 0 | Q13: =C13+F13+H13 -> 0 | R13: =SUM(D13,G13) -> 0 | S13: =SUM(E13,I13,J13,L13) -> 0 | T13: =SUM(M13,K13) -> 0 | U13: =SUM(Q13:T13) -> 0
A14: ='Mid Sem'!B14 -> 500122098 | B14: ='Mid Sem'!A14 -> Shubhankar Bhardwaj | N14: =SUM(C14:M14) -> 0 | Q14: =C14+F14+H14 -> 0 | R14: =SUM(D14,G14) -> 0 | S14: =SUM(E14,I14,J14,L14) -> 0 | T14: =SUM(M14,K14) -> 0 | U14: =SUM(Q14:T14) -> 0
A15: ='Mid Sem'!B15 -> 500119804 | B15: ='Mid Sem'!A15 -> Sri Sai Senthil | N15: =SUM(C15:M15) -> 0 | Q15: =C15+F15+H15 -> 0 | R15: =SUM(D15,G15) -> 0 | S15: =SUM(E15,I15,J15,L15) -> 0 | T15: =SUM(M15,K15) -> 0 | U15: =SUM(Q15:T15) -> 0
A16: ='Mid Sem'!B16 -> 500124975 | B16: ='Mid Sem'!A16 -> Swasti Mathur | N16: =SUM(C16:M16) -> 0 | Q16: =C16+F16+H16 -> 0 | R16: =SUM(D16,G16) -> 0 | S16: =SUM(E16,I16,J16,L16) -> 0 | T16: =SUM(M16,K16) -> 0 | U16: =SUM(Q16:T16) -> 0
A17: ='Mid Sem'!B17 -> 500123688 | B17: ='Mid Sem'!A17 -> Tasmai Gaurang Tamboli | N17: =SUM(C17:M17) -> 0 | Q17: =C17+F17+H17 -> 0 | R17: =SUM(D17,G17) -> 0 | S17: =SUM(E17,I17,J17,L17) -> 0 | T17: =SUM(M17,K17) -> 0 | U17: =SUM(Q17:T17) -> 0
A18: ='Mid Sem'!B18 -> 500125725 | B18: ='Mid Sem'!A18 -> Tigmanshu Ghanshala | N18: =SUM(C18:M18) -> 0 | Q18: =C18+F18+H18 -> 0 | R18: =SUM(D18,G18) -> 0 | S18: =SUM(E18,I18,J18,L18) -> 0 | T18: =SUM(M18,K18) -> 0
A19: ='Mid Sem'!B19 -> 500126731 | B19: ='Mid Sem'!A19 -> Vikas Kumar
A20: ='Mid Sem'!B20 -> 0 | B20: ='Mid Sem'!A20 -> 0
A21: ='Mid Sem'!B21 -> 0 | B21: ='Mid Sem'!A21 -> 0
