Workbook

Sheet Marksheet
A1: Final Marks
A2: Planetary Science (PHYS8098P)
A3: Name | B3: SAP ID | D3: Assignment 1 | E3: Class Test 1 | F3: Assignment 2 | G3: Class Test 2 | H3: CIA | I3: IA | J3: Mid Sem | K3: Mid Sem | L3: End Sem | M3: End Sem | N3: Total | O3: Sign | Q3: Email Address | R3: Roll Number
B4: Max Marks | D4: ='Assignment 1'!AG5 -> 20 | E4: ='Class Test 1'!O5 -> 30 | F4: ='Assignment 2'!AG5 -> 20 | G4: ='Class Test 2'!N5 -> 30 | H4: =SUM(D4:G4) -> 100 | I4: =H4/2 -> 50 | J4: =K4/5 -> 20 | K4: 100 | L4: ='End Sem'!N5 -> 100 | M4: =L4*0.3 -> 30 | N4: =SUM(I4,J4,M4) -> 100
A5: Akshay Alodiya | B5: 590021120 | D5: ='Assignment 1'!AG6/10 -> 0 | E5: ='Class Test 1'!O6/2 -> 0 | F5: ='Assignment 2'!AG6*1.5/32 -> 0 | G5: ='Class Test 2'!N6/2 -> 0 | H5: =SUM(D5:G5) -> 0 | I5: =H5/2 -> 0 | J5: =K5/5 -> 13.4 | K5: ='Mid Sem'!N6 -> 67 | L5: ='End Sem'!N6 -> 0 | M5: =L5*0.3 -> 0 | N5: =SUM(I5,J5,M5) -> 13.4
A6: Neha Nagesh Revankar | B6: 590021217 | D6: ='Assignment 1'!AG7/10 -> 0 | E6: ='Class Test 1'!O7/2 -> 0 | F6: ='Assignment 2'!AG7*1.5/32 -> 0 | G6: ='Class Test 2'!N7/2 -> 0 | H6: =SUM(D6:G6) -> 0 | I6: =H6/2 -> 0 | J6: =K6/5 -> 16.4 | K6: ='Mid Sem'!N7 -> 82 | L6: ='End Sem'!N7 -> 0 | M6: =L6*0.3 -> 0 | N6: =SUM(I6,J6,M6) -> 16.4
A7: Dhruv Kumar Singh | B7: 590021234 | D7: ='Assignment 1'!AG8/10 -> 0 | E7: ='Class Test 1'!O8/2 -> 0 | F7: ='Assignment 2'!AG8*1.5/32 -> 0 | G7: ='Class Test 2'!N8/2 -> 0 | H7: =SUM(D7:G7) -> 0 | I7: =H7/2 -> 0 | J7: =K7/5 -> 12.4 | K7: ='Mid Sem'!N8 -> 62 | L7: ='End Sem'!N8 -> 0 | M7: =L7*0.3 -> 0 | N7: =SUM(I7,J7,M7) -> 12.4
A8: Madhumita Rajesh Singh | B8: 590025722 | D8: ='Assignment 1'!AG9/10 -> 0 | E8: ='Class Test 1'!O9/2 -> 0 | F8: ='Assignment 2'!AG9*1.5/32 -> 0 | G8: ='Class Test 2'!N9/2 -> 0 | H8: =SUM(D8:G8) -> 0 | I8: =H8/2 -> 0 | J8: =K8/5 -> 18 | K8: ='Mid Sem'!N9 -> 90 | L8: ='End Sem'!N9 -> 0 | M8: =L8*0.3 -> 0 | N8: =SUM(I8,J8,M8) -> 18
A9: Harishankar Nath Tiwari | B9: 590028752 | D9: ='Assignment 1'!AG10/10 -> 0 | E9: ='Class Test 1'!O10/2 -> 0 | F9: ='Assignment 2'!AG10*1.5/32 -> 0 | G9: ='Class Test 2'!N10/2 -> 0 | H9: =SUM(D9:G9) -> 0 | I9: =H9/2 -> 0 | J9: =K9/5 -> 14.4 | K9: ='Mid Sem'!N10 -> 72 | L9: ='End Sem'!N10 -> 0 | M9: =L9*0.3 -> 0 | N9: =SUM(I9,J9,M9) -> 14.4
A10: Surwase Swapnil Tukaram | B10: 590028962 | D10: ='Assignment 1'!AG11/10 -> 0 | E10: ='Class Test 1'!O11/2 -> 0 | F10: ='Assignment 2'!AG11*1.5/32 -> 0 | G10: ='Class Test 2'!N11/2 -> 0 | H10: =SUM(D10:G10) -> 0 | I10: =H10/2 -> 0 | J10: =K10/5 -> 14 | K10: ='Mid Sem'!N11 -> 70 | L10: ='End Sem'!N11 -> 0 | M10: =L10*0.3 -> 0 | N10: =SUM(I10,J10,M10) -> 14
C21: Max | D21: =MAX(D5:D16) -> 0 | E21: =MAX(E5:E16) -> 0 | F21: =MAX(F5:F16) -> 0 | G21: =MAX(G5:G16) -> 0 | H21: =MAX(H5:H16) -> 0 | I21: =MAX(I5:I16) -> 0 | J21: =MAX(J5:J16) -> 18 | K21: =MAX(K5:K16) -> 90 | ... N21: =MAX(N5:N16) -> 18
C22: Min | D22: =_xlfn.MINIFS(D5:D16,D5:D16, ">0") -> 0 | E22: =_xlfn.MINIFS(E5:E16,E5:E16, ">0") -> 0 | F22: =_xlfn.MINIFS(F5:F16,F5:F16, ">0") -> 0 | G22: =_xlfn.MINIFS(G5:G16,G5:G16, ">0") -> 0 | H22: =_xlfn.MINIFS(H5:H16,H5:H16, ">0") -> 0 | I22: =_xlfn.MINIFS(I5:I16,I5:I16, ">0") -> 0 | J22: =_xlfn.MINIFS(J5:J16,J5:J16, ">0") -> 12.4 | K22: =_xlfn.MINIFS(K5:K16,K5:K16, ">0") -> 62 | ... N22: =_xlfn.MINIFS(N5:N16,N5:N16, ">0") -> 12.4
C23: Median | D23: =MEDIAN(D5:D16) -> 0 | E23: =MEDIAN(E5:E16) -> 0 | F23: =MEDIAN(F5:F16) -> 0 | G23: =MEDIAN(G5:G16) -> 0 | H23: =MEDIAN(H5:H16) -> 0 | I23: =MEDIAN(I5:I16) -> 0 | J23: =MEDIAN(J5:J16) -> 14.2 | K23: =MEDIAN(K5:K16) -> 71 | ... N23: =MEDIAN(N5:N16) -> 14.2

Sheet Class Test 1
A1: Class Test 1
A2: =Marksheet!A2 -> Planetary Science (PHYS8098P)
C3: CO1 | D3: CO1 | E3: CO2 | F3: CO2 | G3: CO2 | H3: CO2 | I3: CO1 | J3: CO2 | K3: CO2 | L3: CO1
A4: Student Id | B4: Name | C4: Q1 | D4: Q2 | E4: Q3 | F4: Q4 | G4: Q5 | H4: Q6 | I4: Q7 | J4: Q8 | K4: Q9 | L4: Q10 | M4: Q11 | O4: Total | P4: Sign | S4: CO1 | T4: CO2 | U4: CO3 | V4: CO4 | W4: Total
B5: Max Marks | C5: 2 | D5: 2 | E5: 2 | F5: 2 | G5: 2 | H5: 4 | I5: 4 | J5: 4 | K5: 4 | L5: 4 | O5: =SUM(C5:L5) -> 30 | S5: =SUM(D5,C5,I5,L5) -> 12 | T5: =SUM(G5,F5,E5,H5,J5,K5) -> 18 | W5: =SUM(S5:V5) -> 30
A6: =Marksheet!B5 -> 590021120 | B6: =Marksheet!A5 -> Akshay Alodiya | O6: =SUM(C6:L6) -> 0 | S6: =SUM(D6,C6,I6,L6) -> 0 | T6: =SUM(G6,F6,E6,H6,J6,K6) -> 0 | W6: =SUM(S6:V6) -> 0
A7: =Marksheet!B6 -> 590021217 | B7: =Marksheet!A6 -> Neha Nagesh Revankar | O7: =SUM(C7:L7) -> 0 | S7: =SUM(D7,C7,I7,L7) -> 0 | T7: =SUM(G7,F7,E7,H7,J7,K7) -> 0 | W7: =SUM(S7:V7) -> 0
A8: =Marksheet!B7 -> 590021234 | B8: =Marksheet!A7 -> Dhruv Kumar Singh | O8: =SUM(C8:L8) -> 0 | S8: =SUM(D8,C8,I8,L8) -> 0 | T8: =SUM(G8,F8,E8,H8,J8,K8) -> 0 | W8: =SUM(S8:V8) -> 0
A9: =Marksheet!B8 -> 590025722 | B9: =Marksheet!A8 -> Madhumita Rajesh Singh | O9: =SUM(C9:L9) -> 0 | S9: =SUM(D9,C9,I9,L9) -> 0 | T9: =SUM(G9,F9,E9,H9,J9,K9) -> 0 | W9: =SUM(S9:V9) -> 0
A10: =Marksheet!B9 -> 590028752 | B10: =Marksheet!A9 -> Harishankar Nath Tiwari | O10: =SUM(C10:L10) -> 0 | S10: =SUM(D10,C10,I10,L10) -> 0 | T10: =SUM(G10,F10,E10,H10,J10,K10) -> 0 | W10: =SUM(S10:V10) -> 0
A11: =Marksheet!B10 -> 590028962 | B11: =Marksheet!A10 -> Surwase Swapnil Tukaram | O11: =SUM(C11:L11) -> 0 | S11: =SUM(D11,C11,I11,L11) -> 0 | T11: =SUM(G11,F11,E11,H11,J11,K11) -> 0 | W11: =SUM(S11:V11) -> 0
O12: =SUM(C12:L12) -> 0 | S12: =SUM(D12,C12,I12,L12) -> 0 | T12: =SUM(G12,F12,E12,H12,J12,K12) -> 0 | W12: =SUM(S12:V12) -> 0
O13: =SUM(C13:L13) -> 0 | S13: =SUM(D13,C13,I13,L13) -> 0 | T13: =SUM(G13,F13,E13,H13,J13,K13) -> 0 | W13: =SUM(S13:V13) -> 0
O14: =SUM(C14:L14) -> 0 | S14: =SUM(D14,C14,I14,L14) -> 0 | T14: =SUM(G14,F14,E14,H14,J14,K14) -> 0 | W14: =SUM(S14:V14) -> 0
O15: =SUM(C15:L15) -> 0 | S15: =SUM(D15,C15,I15,L15) -> 0 | T15: =SUM(G15,F15,E15,H15,J15,K15) -> 0 | W15: =SUM(S15:V15) -> 0
O16: =SUM(C16:L16) -> 0 | S16: =SUM(D16,C16,I16,L16) -> 0 | T16: =SUM(G16,F16,E16,H16,J16,K16) -> 0 | W16: =SUM(S16:V16) -> 0
O17: =SUM(C17:L17) -> 0 | S17: =SUM(D17,C17,I17,L17) -> 0 | T17: =SUM(G17,F17,E17,H17,J17,K17) -> 0 | W17: =SUM(S17:V17) -> 0

Sheet Assignment 1
A1: Assignment 1
A2: =Marksheet!A2 -> Planetary Science (PHYS8098P)
C3: CO1 | D3: CO1 | E3: CO1 | F3: CO1 | G3: CO1 | H3: CO1 | I3: CO1 | J3: CO1 | K3: CO1 | L3: CO1 | M3: CO1 | N3: CO1 | O3: CO1 | P3: CO1 | Q3: CO1 | R3: CO1 | S3: CO2 | T3: CO2 | U3: CO2 | V3: CO2 | W3: CO2 | X3: CO2 | Y3: CO2 | Z3: CO2 | AA3: CO2 | AB3: CO2 | AC3: CO2 | AD3: CO2 | AE3: CO2 | AF3: CO2
A4: Student Id | B4: Name | C4: Q1 | D4: Q2 | E4: Q3 | F4: Q4 | G4: Q5 | H4: Q6 | I4: Q7 | J4: Q8 | K4: Q9 | L4: Q10 | M4: Q11 | N4: Q12 | O4: Q13 | P4: Q14 | Q4: Q15 | R4: Q16 | S4: Q17 | T4: Q18 | U4: Q19 | V4: Q20 | W4: Q21 | X4: Q22 | Y4: Q23 | Z4: Q24 | AA4: Q25 | AB4: Q26 | AC4: Q27 | AD4: Q28 | AE4: Q29 | AF4: Q30 | AG4: Total | AH4: Sign | AK4: CO1 | AL4: CO2 | AM4: Total
B5: Max Marks | C5: 2 | D5: 2 | E5: 2 | F5: 2 | G5: 2 | H5: 2 | I5: 2 | J5: 2 | K5: 2 | L5: 2 | AG5: =SUM(C5:AF5) -> 20 | AK5: =SUM(C5:R5) -> 20 | AL5: =SUM(S5:AF5) -> 0 | AM5: =SUM(AK5:AL5) -> 20
A6: ='Mid Sem'!B6 -> 590021120 | B6: =Marksheet!A5 -> Akshay Alodiya | AG6: =SUM(C6:AF6) -> 0 | AK6: =SUM(C6:R6) -> 0 | AL6: =SUM(S6:AF6) -> 0 | AM6: =SUM(AK6:AL6) -> 0
A7: ='Mid Sem'!B7 -> 590021217 | B7: =Marksheet!A6 -> Neha Nagesh Revankar | AG7: =SUM(C7:AF7) -> 0 | AK7: =SUM(C7:R7) -> 0 | AL7: =SUM(S7:AF7) -> 0 | AM7: =SUM(AK7:AL7) -> 0
A8: ='Mid Sem'!B8 -> 590021234 | B8: =Marksheet!A7 -> Dhruv Kumar Singh | AG8: =SUM(C8:AF8) -> 0 | AK8: =SUM(C8:R8) -> 0 | AL8: =SUM(S8:AF8) -> 0 | AM8: =SUM(AK8:AL8) -> 0
A9: ='Mid Sem'!B9 -> 590025722 | B9: =Marksheet!A8 -> Madhumita Rajesh Singh | AG9: =SUM(C9:AF9) -> 0 | AK9: =SUM(C9:R9) -> 0 | AL9: =SUM(S9:AF9) -> 0 | AM9: =SUM(AK9:AL9) -> 0
A10: ='Mid Sem'!B10 -> 590028752 | B10: =Marksheet!A9 -> Harishankar Nath Tiwari | AG10: =SUM(C10:AF10) -> 0 | AK10: =SUM(C10:R10) -> 0 | AL10: =SUM(S10:AF10) -> 0 | AM10: =SUM(AK10:AL10) -> 0
A11: ='Mid Sem'!B11 -> 590028962 | B11: =Marksheet!A10 -> Surwase Swapnil Tukaram | AG11: =SUM(C11:AF11) -> 0 | AK11: =SUM(C11:R11) -> 0 | AL11: =SUM(S11:AF11) -> 0 | AM11: =SUM(AK11:AL11) -> 0
AG12: =SUM(C12:AF12) -> 0 | AK12: =SUM(C12:R12) -> 0 | AL12: =SUM(S12:AF12) -> 0 | AM12: =SUM(AK12:AL12) -> 0
AG13: =SUM(C13:AF13) -> 0 | AK13: =SUM(C13:R13) -> 0 | AL13: =SUM(S13:AF13) -> 0 | AM13: =SUM(AK13:AL13) -> 0
AG14: =SUM(C14:AF14) -> 0 | AK14: =SUM(C14:R14) -> 0 | AL14: =SUM(S14:AF14) -> 0 | AM14: =SUM(AK14:AL14) -> 0
AG15: =SUM(C15:AF15) -> 0 | AK15: =SUM(C15:R15) -> 0 | AL15: =SUM(S15:AF15) -> 0 | AM15: =SUM(AK15:AL15) -> 0
AG16: =SUM(C16:AF16) -> 0 | AK16: =SUM(C16:R16) -> 0 | AL16: =SUM(S16:AF16) -> 0 | AM16: =SUM(AK16:AL16) -> 0
AG17: =SUM(C17:AF17) -> 0 | AK17: =SUM(C17:R17) -> 0 | AL17: =SUM(S17:AF17) -> 0 | AM17: =SUM(AK17:AL17) -> 0
AG18: =SUM(C18:AF18) -> 0

Sheet Assignment 2
A1: Assignment 2
A2: =Marksheet!A2 -> Planetary Science (PHYS8098P)
C3: CO1 | D3: CO1 | E3: CO1 | F3: CO4 | G3: CO4 | H3: CO1 | I3: CO1 | J3: CO3 | K3: CO1 | L3: CO1 | M3: CO3 | N3: CO2 | O3: CO2 | P3: CO2 | Q3: CO2 | R3: CO2 | S3: CO2 | T3: CO3 | U3: CO4 | V3: CO2 | W3: CO3 | X3: CO4 | Y3: CO2 | Z3: CO2 | AA3: CO3 | AB3: CO2 | AC3: CO4 | AD3: CO2 | AE3: CO4 | AF3: CO2
A4: Student Id | B4: Name | C4: Q1 | D4: Q2 | E4: Q3 | F4: Q4 | G4: Q5 | H4: Q6 | I4: Q7 | J4: Q8 | K4: Q9 | L4: Q10 | AG4: Total | AH4: Sign | AK4: CO1 | AL4: CO2 | AM4: CO3 | AN4: CO4 | AO4: Total
B5: Max Marks | C5: 2 | D5: 2 | E5: 2 | F5: 2 | G5: 2 | H5: 2 | I5: 2 | J5: 2 | K5: 2 | L5: 2 | AG5: =SUM(C5:AF5) -> 20 | AK5: =SUMIF($C$3:$AF$3, "CO1", $C5:$AF5) -> 14 | AL5: =SUMIF($C$3:$AF$3, "CO2", $C5:$AF5) -> 0 | AM5: =SUMIF($C$3:$AF$3, "CO3", $C5:$AF5) -> 2 | AN5: =SUMIF($C$3:$AF$3, "CO4", $C5:$AF5) -> 4 | AO5: =SUM(AK5:AN5) -> 20
A6: ='Mid Sem'!B6 -> 590021120 | B6: =Marksheet!A5 -> Akshay Alodiya | AG6: =SUM(C6:AF6) -> 0 | AK6: =SUMIF($C$3:$AF$3, "CO1", $C6:$AF6) -> 0 | AL6: =SUMIF($C$3:$AF$3, "CO2", $C6:$AF6) -> 0 | AM6: =SUMIF($C$3:$AF$3, "CO3", $C6:$AF6) -> 0 | AN6: =SUMIF($C$3:$AF$3, "CO4", $C6:$AF6) -> 0 | AO6: =SUM(AK6:AN6) -> 0
A7: ='Mid Sem'!B7 -> 590021217 | B7: =Marksheet!A6 -> Neha Nagesh Revankar | AG7: =SUM(C7:AF7) -> 0 | AK7: =SUMIF($C$3:$AF$3, "CO1", $C7:$AF7) -> 0 | AL7: =SUMIF($C$3:$AF$3, "CO2", $C7:$AF7) -> 0 | AM7: =SUMIF($C$3:$AF$3, "CO3", $C7:$AF7) -> 0 | AN7: =SUMIF($C$3:$AF$3, "CO4", $C7:$AF7) -> 0 | AO7: =SUM(AK7:AN7) -> 0
A8: ='Mid Sem'!B8 -> 590021234 | B8: =Marksheet!A7 -> Dhruv Kumar Singh | AK8: =SUMIF($C$3:$AF$3, "CO1", $C8:$AF8) -> 0 | AL8: =SUMIF($C$3:$AF$3, "CO2", $C8:$AF8) -> 0 | AM8: =SUMIF($C$3:$AF$3, "CO3", $C8:$AF8) -> 0 | AN8: =SUMIF($C$3:$AF$3, "CO4", $C8:$AF8) -> 0 | AO8: =SUM(AK8:AN8) -> 0
A9: ='Mid Sem'!B9 -> 590025722 | B9: =Marksheet!A8 -> Madhumita Rajesh Singh | AG9: =SUM(C9:AF9) -> 0 | AK9: =SUMIF($C$3:$AF$3, "CO1", $C9:$AF9) -> 0 | AL9: =SUMIF($C$3:$AF$3, "CO2", $C9:$AF9) -> 0 | AM9: =SUMIF($C$3:$AF$3, "CO3", $C9:$AF9) -> 0 | AN9: =SUMIF($C$3:$AF$3, "CO4", $C9:$AF9) -> 0 | AO9: =SUM(AK9:AN9) -> 0
A10: ='Mid Sem'!B10 -> 590028752 | B10: =Marksheet!A9 -> Harishankar Nath Tiwari | AG10: =SUM(C10:AF10) -> 0 | AK10: =SUMIF($C$3:$AF$3, "CO1", $C10:$AF10) -> 0 | AL10: =SUMIF($C$3:$AF$3, "CO2", $C10:$AF10) -> 0 | AM10: =SUMIF($C$3:$AF$3, "CO3", $C10:$AF10) -> 0 | AN10: =SUMIF($C$3:$AF$3, "CO4", $C10:$AF10) -> 0 | AO10: =SUM(AK10:AN10) -> 0
A11: ='Mid Sem'!B11 -> 590028962 | B11: =Marksheet!A10 -> Surwase Swapnil Tukaram | AG11: =SUM(C11:AF11) -> 0 | AK11: =SUMIF($C$3:$AF$3, "CO1", $C11:$AF11) -> 0 | AL11: =SUMIF($C$3:$AF$3, "CO2", $C11:$AF11) -> 0 | AM11: =SUMIF($C$3:$AF$3, "CO3", $C11:$AF11) -> 0 | AN11: =SUMIF($C$3:$AF$3, "CO4", $C11:$AF11) -> 0 | AO11: =SUM(AK11:AN11) -> 0
AG12: =SUM(C12:AF12) -> 0 | AK12: =SUMIF($C$3:$AF$3, "CO1", $C12:$AF12) -> 0 | AL12: =SUMIF($C$3:$AF$3, "CO2", $C12:$AF12) -> 0 | AM12: =SUMIF($C$3:$AF$3, "CO3", $C12:$AF12) -> 0 | AN12: =SUMIF($C$3:$AF$3, "CO4", $C12:$AF12) -> 0 | AO12: =SUM(AK12:AN12) -> 0
AG13: =SUM(C13:AF13) -> 0 | AK13: =SUMIF($C$3:$AF$3, "CO1", $C13:$AF13) -> 0 | AL13: =SUMIF($C$3:$AF$3, "CO2", $C13:$AF13) -> 0 | AM13: =SUMIF($C$3:$AF$3, "CO3", $C13:$AF13) -> 0 | AN13: =SUMIF($C$3:$AF$3, "CO4", $C13:$AF13) -> 0 | AO13: =SUM(AK13:AN13) -> 0
AG14: =SUM(C14:AF14) -> 0 | AK14: =SUMIF($C$3:$AF$3, "CO1", $C14:$AF14) -> 0 | AL14: =SUMIF($C$3:$AF$3, "CO2", $C14:$AF14) -> 0 | AM14: =SUMIF($C$3:$AF$3, "CO3", $C14:$AF14) -> 0 | AN14: =SUMIF($C$3:$AF$3, "CO4", $C14:$AF14) -> 0 | AO14: =SUM(AK14:AN14) -> 0
AG15: =SUM(C15:AF15) -> 0 | AK15: =SUMIF($C$3:$AF$3, "CO1", $C15:$AF15) -> 0 | AL15: =SUMIF($C$3:$AF$3, "CO2", $C15:$AF15) -> 0 | AM15: =SUMIF($C$3:$AF$3, "CO3", $C15:$AF15) -> 0 | AN15: =SUMIF($C$3:$AF$3, "CO4", $C15:$AF15) -> 0 | AO15: =SUM(AK15:AN15) -> 0
AG16: 0 | AK16: =SUMIF($C$3:$AF$3, "CO1", $C16:$AF16) -> 0 | AL16: =SUMIF($C$3:$AF$3, "CO2", $C16:$AF16) -> 0 | AM16: =SUMIF($C$3:$AF$3, "CO3", $C16:$AF16) -> 0 | AN16: =SUMIF($C$3:$AF$3, "CO4", $C16:$AF16) -> 0 | AO16: =SUM(AK16:AN16) -> 0
AG17: =SUM(C17:AF17) -> 0 | AK17: =SUMIF($C$3:$AF$3, "CO1", $C17:$AF17) -> 0 | AL17: =SUMIF($C$3:$AF$3, "CO2", $C17:$AF17) -> 0 | AM17: =SUMIF($C$3:$AF$3, "CO3", $C17:$AF17) -> 0 | AN17: =SUMIF($C$3:$AF$3, "CO4", $C17:$AF17) -> 0 | AO17: =SUM(AK17:AN17) -> 0
AG18: =SUM(C18:AF18) -> 0

Sheet Mid Sem
A1: Mid Sem Examination
A2: =Marksheet!A2 -> Planetary Science (PHYS8098P)
C3: CO3 | D3: CO3 | E3: CO1 | F3: CO2 | G3: CO1 | H3: CO3 | I3: CO1 | J3: CO2 | K3: CO2
A4: Name | B4: Student ID | C4: Q1 | D4: Q2 | E4: Q3 | F4: Q4 | G4: Q5 | H4: Q6 | I4: Q7 | J4: Q8 | K4: Q9 | L4: Q10 | M4: Q11 | N4: Total | O4: Sign | R4: CO1 | S4: CO2 | T4: CO3 | U4: CO4 | V4: Total
B5: Max Marks | C5: 6 | D5: 6 | E5: 6 | F5: 6 | G5: 6 | H5: 15 | I5: 15 | J5: 15 | K5: 25 | N5: =SUM(C5:K5) -> 100 | R5: =SUMIF($C$3:$M$3,R$4,$C5:$M5) -> 27 | S5: =SUMIF($C$3:$M$3,S$4,$C5:$M5) -> 46 | T5: =SUMIF($C$3:$M$3,T$4,$C5:$M5) -> 27 | U5: =SUMIF($C$3:$M$3,U$4,$C5:$M5) -> 0 | V5: =SUM(R5:U5) -> 100
A6: =Marksheet!A5 -> Akshay Alodiya | B6: =Marksheet!B5 -> 590021120 | C6: 4 | D6: 6 | E6: 6 | F6: 5 | G6: 4 | H6: 10 | I6: 12 | J6: 7 | K6: 13 | N6: =SUM(C6:K6) -> 67 | R6: =SUM(C6,E6) -> 10 | S6: =SUM(D6,F6,H6,J6) -> 28 | T6: =SUM(K6)*3/5 -> 7.8 | U6: =G6 + I6 + K6*2/5 -> 21.2 | V6: =SUM(R6:U6) -> 67
A7: =Marksheet!A6 -> Neha Nagesh Revankar | B7: =Marksheet!B6 -> 590021217 | C7: 4 | D7: 6 | E7: 5 | F7: 6 | G7: 4 | H7: 10 | I7: 10 | J7: 12 | K7: 25 | N7: =SUM(C7:K7) -> 82 | R7: =SUM(C7,E7) -> 9 | S7: =SUM(D7,F7,H7,J7) -> 34 | T7: =SUM(K7)*3/5 -> 15 | U7: =G7 + I7 + K7*2/5 -> 24 | V7: =SUM(R7:U7) -> 82
A8: =Marksheet!A7 -> Dhruv Kumar Singh | B8: =Marksheet!B7 -> 590021234 | C8: 3 | D8: 5 | E8: 4.5 | F8: 5 | G8: 5 | H8: 6 | I8: 9.5 | J8: 10 | K8: 14 | N8: =SUM(C8:K8) -> 62 | R8: =SUM(C8,E8) -> 7.5 | S8: =SUM(D8,F8,H8,J8) -> 26 | T8: =SUM(K8)*3/5 -> 8.4 | U8: =G8 + I8 + K8*2/5 -> 20.1 | V8: =SUM(R8:U8) -> 62
A9: =Marksheet!A8 -> Madhumita Rajesh Singh | B9: =Marksheet!B8 -> 590025722 | C9: 6 | D9: 6 | E9: 5 | F9: 6 | G9: 6 | H9: 8 | I9: 15 | J9: 13 | K9: 25 | N9: =SUM(C9:K9) -> 90 | R9: =SUM(C9,E9) -> 11 | S9: =SUM(D9,F9,H9,J9) -> 33 | T9: =SUM(K9)*3/5 -> 15 | U9: =G9 + I9 + K9*2/5 -> 31 | V9: =SUM(R9:U9) -> 90
A10: =Marksheet!A9 -> Harishankar Nath Tiwari | B10: =Marksheet!B9 -> 590028752 | C10: 6 | D10: 6 | E10: 6 | F10: 6 | G10: 5 | H10: 2 | I10: 4 | J10: 14 | K10: 23 | N10: =SUM(C10:K10) -> 72 | R10: =SUM(C10,E10) -> 12 | S10: =SUM(D10,F10,H10,J10) -> 28 | T10: =SUM(K10)*3/5 -> 13.8 | U10: =G10 + I10 + K10*2/5 -> 18.2 | V10: =SUM(R10:U10) -> 72
A11: =Marksheet!A10 -> Surwase Swapnil Tukaram | B11: =Marksheet!B10 -> 590028962 | C11: 6 | D11: 6 | E11: 6 | F11: 6 | G11: 4 | H11: 8 | I11: 5 | J11: 4 | K11: 25 | N11: =SUM(C11:K11) -> 70 | R11: =SUM(C11,E11) -> 12 | S11: =SUM(D11,F11,H11,J11) -> 24 | T11: =SUM(K11)*3/5 -> 15 | U11: =G11 + I11 + K11*2/5 -> 19 | V11: =SUM(R11:U11) -> 70
N12: =SUM(C12:K12) -> 0
N13: =SUM(C13:K13) -> 0
N14: =SUM(C14:K14) -> 0
N15: =SUM(C15:K15) -> 0
N16: =SUM(C16:K16) -> 0
N17: =SUM(C17:K17) -> 0
N18: =SUM(C18:H18) -> 0
N19: =SUM(C19:H19) -> 0
N20: =SUM(C20:H20) -> 0
N21: =SUM(C21:H21) -> 0

Sheet Class Test 2
A1: Class Test 2
A2: =Marksheet!A2 -> Planetary Science (PHYS8098P)
C3: CO2 | D3: CO3 | E3: CO3 | F3: CO4 | G3: CO4 | H3: CO2 | I3: CO3 | J3: CO3 | K3: CO4 | L3: CO4
A4: Student Id | B4: Name | C4: Q1 | D4: Q2 | E4: Q3 | F4: Q4 | G4: Q5 | H4: Q6 | I4: Q7 | J4: Q8 | K4: Q9 | L4: Q10 | N4: Total | O4: Sign | R4: CO1 | S4: CO2 | T4: CO3 | U4: CO4 | V4: Total
B5: Max Marks | C5: 2 | D5: 2 | E5: 2 | F5: 2 | G5: 2 | H5: 4 | I5: 4 | J5: 4 | K5: 4 | L5: 4 | N5: =SUM(C5:L5) -> 30 | R5: 0 | S5: =SUM(C5,H5) -> 6 | T5: =SUM(D5,E5,I5,J5) -> 12 | U5: =SUM(K5,L5,G5,F5) -> 12 | V5: =SUM(R5:U5) -> 30
A6: =Marksheet!B5 -> 590021120 | B6: =Marksheet!A5 -> Akshay Alodiya | N6: =SUM(C6:L6) -> 0 | R6: 0 | S6: =SUM(C6,H6) -> 0 | T6: =SUM(D6,E6,I6,J6) -> 0 | U6: =SUM(K6,L6,G6,F6) -> 0 | V6: =SUM(R6:U6) -> 0
A7: =Marksheet!B6 -> 590021217 | B7: =Marksheet!A6 -> Neha Nagesh Revankar | N7: =SUM(C7:L7) -> 0 | R7: 0 | S7: =SUM(C7,H7) -> 0 | T7: =SUM(D7,E7,I7,J7) -> 0 | U7: =SUM(K7,L7,G7,F7) -> 0 | V7: =SUM(R7:U7) -> 0
A8: =Marksheet!B7 -> 590021234 | B8: =Marksheet!A7 -> Dhruv Kumar Singh | N8: =SUM(C8:L8) -> 0 | R8: 0 | S8: =SUM(C8,H8) -> 0 | T8: =SUM(D8,E8,I8,J8) -> 0 | U8: =SUM(K8,L8,G8,F8) -> 0 | V8: =SUM(R8:U8) -> 0
A9: =Marksheet!B8 -> 590025722 | B9: =Marksheet!A8 -> Madhumita Rajesh Singh | N9: =SUM(C9:L9) -> 0 | R9: 0 | S9: =SUM(C9,H9) -> 0 | T9: =SUM(D9,E9,I9,J9) -> 0 | U9: =SUM(K9,L9,G9,F9) -> 0 | V9: =SUM(R9:U9) -> 0
A10: =Marksheet!B9 -> 590028752 | B10: =Marksheet!A9 -> Harishankar Nath Tiwari | N10: =SUM(C10:L10) -> 0 | R10: 0 | S10: =SUM(C10,H10) -> 0 | T10: =SUM(D10,E10,I10,J10) -> 0 | U10: =SUM(K10,L10,G10,F10) -> 0 | V10: =SUM(R10:U10) -> 0
A11: =Marksheet!B10 -> 590028962 | B11: =Marksheet!A10 -> Surwase Swapnil Tukaram | N11: =SUM(C11:L11) -> 0 | R11: 0 | S11: =SUM(C11,H11) -> 0 | T11: =SUM(D11,E11,I11,J11) -> 0 | U11: =SUM(K11,L11,G11,F11) -> 0 | V11: =SUM(R11:U11) -> 0
A12: =Marksheet!B11 -> 0 | B12: =Marksheet!A11 -> 0 | N12: =SUM(C12:L12) -> 0 | R12: 0 | S12: =SUM(C12,H12) -> 0 | T12: =SUM(D12,E12,I12,J12) -> 0 | U12: =SUM(K12,L12,G12,F12) -> 0 | V12: =SUM(R12:U12) -> 0
A13: =Marksheet!B12 -> 0 | B13: =Marksheet!A12 -> 0 | N13: =SUM(C13:L13) -> 0 | R13: 0 | S13: =SUM(C13,H13) -> 0 | T13: =SUM(D13,E13,I13,J13) -> 0 | U13: =SUM(K13,L13,G13,F13) -> 0 | V13: =SUM(R13:U13) -> 0
A14: =Marksheet!B13 -> 0 | B14: =Marksheet!A13 -> 0 | N14: =SUM(C14:L14) -> 0 | R14: 0 | S14: =SUM(C14,H14) -> 0 | T14: =SUM(D14,E14,I14,J14) -> 0 | U14: =SUM(K14,L14,G14,F14) -> 0 | V14: =SUM(R14:U14) -> 0
A15: =Marksheet!B14 -> 0 | B15: =Marksheet!A14 -> 0 | N15: =SUM(C15:L15) -> 0 | R15: 0 | S15: =SUM(C15,H15) -> 0 | T15: =SUM(D15,E15,I15,J15) -> 0 | U15: =SUM(K15,L15,G15,F15) -> 0 | V15: =SUM(R15:U15) -> 0
A16: =Marksheet!B15 -> 0 | B16: =Marksheet!A15 -> 0 | N16: =SUM(C16:L16) -> 0 | R16: 0 | S16: =SUM(C16,H16) -> 0 | T16: =SUM(D16,E16,I16,J16) -> 0 | U16: =SUM(K16,L16,G16,F16) -> 0 | V16: =SUM(R16:U16) -> 0
A17: =Marksheet!B16 -> 0 | B17: =Marksheet!A16 -> 0 | N17: =SUM(C17:L17) -> 0 | R17: 0 | S17: =SUM(C17,H17) -> 0 | T17: =SUM(D17,E17,I17,J17) -> 0 | U17: =SUM(K17,L17,G17,F17) -> 0 | V17: =SUM(R17:U17) -> 0

Sheet End Sem
A1: End Sem Examination
A2: =Marksheet!A2 -> Planetary Science (PHYS8098P)
C3: CO1 | D3: CO2 | E3: CO3 | F3: CO1 | G3: CO2 | H3: CO1 | I3: CO3 | J3: CO3 | K3: CO4 | L3: CO3 | M3: CO4
A4: Student Id | B4: Name | C4: Q1 | D4: Q2 | E4: Q3 | F4: Q4 | G4: Q5 | H4: Q6 | I4: Q7 | J4: Q8 | K4: Q9 | L4: Q10 | M4: Q11 | N4: Total | O4: Sign | Q4: CO1 | R4: CO2 | S4: CO3 | T4: CO4 | U4: Total
B5: Max Marks | C5: 4 | D5: 4 | E5: 4 | F5: 4 | G5: 4 | H5: 10 | I5: 10 | J5: 10 | K5: 10 | L5: 20 | M5: 20 | N5: =SUM(C5:M5) -> 100 | Q5: =C5+F5+H5 -> 18 | R5: =SUM(D5,G5) -> 8 | S5: =SUM(E5,I5,J5,L5) -> 44 | T5: =SUM(M5,K5) -> 30 | U5: =SUM(Q5:T5) -> 100
A6: ='Mid Sem'!B6 -> 590021120 | B6: ='Mid Sem'!A6 -> Akshay Alodiya | N6: =SUM(C6:M6) -> 0 | Q6: =C6+F6+H6 -> 0 | R6: =SUM(D6,G6) -> 0 | S6: =SUM(E6,I6,J6,L6) -> 0 | T6: =SUM(M6,K6) -> 0 | U6: =SUM(Q6:T6) -> 0
A7: ='Mid Sem'!B7 -> 590021217 | B7: ='Mid Sem'!A7 -> Neha Nagesh Revankar | N7: =SUM(C7:M7) -> 0 | Q7: =C7+F7+H7 -> 0 | R7: =SUM(D7,G7) -> 0 | S7: =SUM(E7,I7,J7,L7) -> 0 | T7: =SUM(M7,K7) -> 0 | U7: =SUM(Q7:T7) -> 0
A8: ='Mid Sem'!B8 -> 590021234 | B8: ='Mid Sem'!A8 -> Dhruv Kumar Singh | N8: =SUM(C8:M8) -> 0 | Q8: =C8+F8+H8 -> 0 | R8: =SUM(D8,G8) -> 0 | S8: =SUM(E8,I8,J8,L8) -> 0 | T8: =SUM(M8,K8) -> 0 | U8: =SUM(Q8:T8) -> 0
A9: ='Mid Sem'!B9 -> 590025722 | B9: ='Mid Sem'!A9 -> Madhumita Rajesh Singh | N9: =SUM(C9:M9) -> 0 | Q9: =C9+F9+H9 -> 0 | R9: =SUM(D9,G9) -> 0 | S9: =SUM(E9,I9,J9,L9) -> 0 | T9: =SUM(M9,K9) -> 0 | U9: =SUM(Q9:T9) -> 0
A10: ='Mid Sem'!B10 -> 590028752 | B10: ='Mid Sem'!A10 -> Harishankar Nath Tiwari | N10: =SUM(C10:M10) -> 0 | Q10: =C10+F10+H10 -> 0 | R10: =SUM(D10,G10) -> 0 | S10: =SUM(E10,I10,J10,L10) -> 0 | T10: =SUM(M10,K10) -> 0 | U10: =SUM(Q10:T10) -> 0
A11: ='Mid Sem'!B11 -> 590028962 | B11: ='Mid Sem'!A11 -> Surwase Swapnil Tukaram | N11: =SUM(C11:M11) -> 0 | Q11: =C11+F11+H11 -> 0 | R11: =SUM(D11,G11) -> 0 | S11: =SUM(E11,I11,J11,L11) -> 0 | T11: =SUM(M11,K11) -> 0 | U11: =SUM(Q11:T11) -> 0
N12: =SUM(C12:M12) -> 0 | Q12: =C12+F12+H12 -> 0 | R12: =SUM(D12,G12) -> 0 | S12: =SUM(E12,I12,J12,L12) -> 0 | T12: =SUM(M12,K12) -> 0 | U12: =SUM(Q12:T12) -> 0
N13: =SUM(C13:M13) -> 0 | Q13: =C13+F13+H13 -> 0 | R13: =SUM(D13,G13) -> 0 | S13: =SUM(E13,I13,J13,L13) -> 0 | T13: =SUM(M13,K13) -> 0 | U13: =SUM(Q13:T13) -> 0
N14: =SUM(C14:M14) -> 0 | Q14: =C14+F14+H14 -> 0 | R14: =SUM(D14,G14) -> 0 | S14: =SUM(E14,I14,J14,L14) -> 0 | T14: =SUM(M14,K14) -> 0 | U14: =SUM(Q14:T14) -> 0
N15: =SUM(C15:M15) -> 0 | Q15: =C15+F15+H15 -> 0 | R15: =SUM(D15,G15) -> 0 | S15: =SUM(E15,I15,J15,L15) -> 0 | T15: =SUM(M15,K15) -> 0 | U15: =SUM(Q15:T15) -> 0
N16: =SUM(C16:M16) -> 0 | Q16: =C16+F16+H16 -> 0 | R16: =SUM(D16,G16) -> 0 | S16: =SUM(E16,I16,J16,L16) -> 0 | T16: =SUM(M16,K16) -> 0 | U16: =SUM(Q16:T16) -> 0
N17: =SUM(C17:M17) -> 0 | Q17: =C17+F17+H17 -> 0 | R17: =SUM(D17,G17) -> 0 | S17: =SUM(E17,I17,J17,L17) -> 0 | T17: =SUM(M17,K17) -> 0 | U17: =SUM(Q17:T17) -> 0
N18: =SUM(C18:M18) -> 0 | Q18: =C18+F18+H18 -> 0 | R18: =SUM(D18,G18) -> 0 | S18: =SUM(E18,I18,J18,L18) -> 0 | T18: =SUM(M18,K18) -> 0
